platform,main_material,keyword,content_id,content_url,title,content_text,author_name,author_id,upload_date,view_count,like_count,comment_count,comment_text,collected_at
naver_blog,논산딸기,논산딸기,hasun1449_224292218004,https://blog.naver.com/hasun1449/224292218004,신혼 밥상 대.공.개 2 (nothing special)_신혼 메뉴 추천,"어쩌다 보니 다시 찾아온 신혼밥상 2 (!!)
생각보다 신혼 밥상 검색하시는 분들이 많아서 그런지
지난 1편 조회 수가 꽤 높았다.
(매우 놀랐음)
결혼한지 이제 2개월 차에 접어든다고,
사진 찍는 게 점점 귀찮을 때가 있는데
그래도 맛있거나 스스로 만족스러운 메뉴는 포기할 수 없다.
저번보다 개수는 적지만,
그래도 기록으로 남기고 싶은 최신 신혼밥상!
p.s. 새로운 음식에 대한 도전이 엿보여서
스스로도 만족스럽고, 자랑스럽다.. ㅎㅎㅎ
🥘 라따뚜이
🍛 닭가슴살 볶음밥
🍞 담백한 통밀 호밀빵
🥬 겉절이 (어머님 찬스!)
🥩 숙주 차돌박이 볶음
🌶️ 돼지고기 콩나물 김치찌개
🥒 상큼한 오이 스틱 & 쌈장
🥢 홍어 무침
(어머님 찬스! 오빠 최애 중 하나)
🤎 메밀소바
🥔 감자전
🥢 새콤달콤 초간장
P.S. 토스 쇼핑에서 구입한 ""소소락 생면 메밀소바세트""
생각보다 소스도 괜찮도 맛있다!
🐷 삼겹살 (목살) 구이
🥘 미니 폭탄 계란찜
🤎 두부 된장찌개
🥬 야채 쌈
💚 파김치 (이것도 어머님 찬스~)
P.S. 오빠가 1주일 넘게 감기로 고생해서
고기 보충 지대로 한 날!
(요즘 감기 넘.. 독하다 독해..)
🐷 닭갈비
🍜 설렁탕 + 소면 (어머님 찬스~)
🥬 상추쌈 + 쌈장
🥬 두릅무침 + 머위나물 무침 (울 엄마 찬스~)
🧡 총각김치 (시어머니 감사해요~)
P.S. 토스 쇼핑으로 구매한 ""셰프 셀렉션 한판 닭갈비""
이것도 맛있다. 싸게 잘 샀구만~!
(할인가로 750g에 8,900원이라
두끼는 먹었다.)
식후 디저트
🍞 통밀빵(""아침에 좋은 빵"")
🍓 딸기쨈 (""당을 줄인 논산 딸기쨈"")
겉바속촉 구워진 통밀빵 위에 달콤한 딸기잼 스르륵..
P.S. 토스 쇼핑 홍보는 전혀 아니지만..
토스 쇼핑에서 같이 구매했던
통밀빵이랑 딸기쨈도 맛있게 먹었당.
가끔 할인가로 사면 괜찮은 게 잘 나온단 말이지.. :-)",Life is Good! Life is Love!,blog.naver.com/hasun1449,2026-05-21,,1.0,,,2026-05-21 13:20:30.929042
naver_blog,논산딸기,논산딸기,meet1231_224292207442,https://blog.naver.com/meet1231/224292207442,260517 논산 관촉사 석조미륵보살입상,"이곳 논산 관촉사도 중학교때부터 꼭 가보고 싶었다.
여기 오는데도 30년이 걸렸네.
훗!
근처 갈수록 두근두근...
아이들에게는 재미있게 생긴 부처님 볼 수 있다고 기대하라고 했다.
유독 이런 역사 이야기에 지루해하니까 잠깐의 웃음이라도 줄 수 있으면 좋은거지.
재미있고 웃기고 정감가는, 우리가 익히 알고 있는 불상과 좀 다른 모습.
반야산 관촉사
드디어 이 세계로 고려시대 초기로 들어갑니다.
천왕문 지나서
고려 광종 19년(968년)에 승려 혜명(慧明)이 광종의 명으로 창건하였다.
이 절에는 우리나라에서 가장 큰 불상이자 은진미륵(恩津彌勒)이라고도 부르는 국보 '논산 관촉사 석조미륵보살입상'이 있다.
나무위키
드디어 드디어 만난다.
정말 보고 싶었어요.
요즘 아이들 말로 밤티같이 생긴 부처님
한반도에 현존하는 모든 석조 불상 중, 20세기 이전에 조성된 것으로는 가장 거대하다.
이른바 '못생긴 부처님'으로 유명하며, 석굴암 본존불과 대비되기도 한다.
통일신라의 균형미 있고 잘생긴 불상이 기준이 되어버려서 관촉사 미륵불이 못 생겼다고 하는데...
난 이런 불교의 모습이 오히려 귀족적이었던 불교의 모습에서 대중에게 더 다가가기 쉬운 불교의 모습에 더 가깝지 않았나 생각한다.
정감 있잖아.
남편은 꼭 이런 사진 남기고 싶어해.
아들은 아빠 사진 찍을때마다 방해하는 게 일이고..
찰떡케미.
보살상은 좌우로 빗은 머릿결 위로 높은 원통형 보관(寶冠)을 썼고 두 손으로 청동제 꽃을 들고 있다. 널찍하고 명료한 이목구비와 균제되지 않는 압도적인 크기 등은, 한국 불상 중 가장 독창적이고 특색 있는 미의식을 창출한 대표적인 사례로 꼽힌다.
우아한 이상미(理想美)를 축구한 통일신라 조각과는 전혀 다른 파격적이고 대범한 미적 감각을 담고 있는 논산 관촉사 석조미륵보살입상은 우리나라 불교신앙과 조각사에 있어 중요한 위치를 차지하고 있을 뿐 아니라 독창성과 완전성 측면에서도 뛰어나 국보로서의 가치가 충분하다
나무위키
오늘 잘 만나 봽고 갑니다.
여행의 마지막이 정말 즐거웠어요.
부처님 덕분에
뉴비긴 이라는 카페에서
라떼와 딸기스무디를 사고 집으로 갑니다.
100m
© NAVER Corp.
논산 관촉사 석조미륵보살입상
충청남도 논산시 관촉동
뉴비긴
충청남도 논산시 관촉로 11 2동",까칠한 여자 와이제이,blog.naver.com/meet1231,2026-05-21,,0.0,,,2026-05-21 13:20:52.078506
naver_blog,논산딸기,논산딸기,ima_gina_tion_224292183752,https://blog.naver.com/ima_gina_tion/224292183752,[서울/봉천]청춘위스키(기가맥힌 시그니처 칵테일),"관악구에서 근무하는 애정하는 언니와 데이트가 있는 날.
워낙 술도 좋아하고 바도 좋아하는 우리는 해외여행을 가서도
꼭 기가맥힌 바 하나씩은 가야 직성이 풀린다.
(나는 칵테일이 너무 좋아 조주기능사 자격증도 땄다.)
오랜만에 만난 김에 좋은 바 가서 칵테일 한잔 하자하며
찾은 곳이 청춘위스키.
가보자 가보자!
# 이곳으로 말할 것 같으면
청춘위스키는 이름에 걸맞게 대한민국 청년 수도인 관악구 봉천동에 위치해있다.
네이버지도
청춘위스키
naver.me
비가 추적추적 내리는 화욜일 밤에 방문했는데 아늑하고 따스한 분위기가 느껴졌다.
ㄱ자 형식에 바 테이블에 수용 인원은 10명 안팎의 아담한 공간.
그래서 더 아늑한 느낌이 든다.
훈훈하신 사장님들과 도란 도란 이야기 나누기에도 딱 좋은 규모.
Next image
작지만 위스키 라인업은 결코 작지 않았다.
내가 좋아하는 오반과 카발란 쉐리도 있어서 됐다 싶었다.
# 향수 고자극 시그니처 칵테일
Next image
청춘위스키의 시그니처 칵테일의 스토리는 참 정겹다.
1인 가구가 많은 관악구에 위치한 만큼 1인 가구를 위로하는 칵테일 라인업.
1인 가구가 먹기 힘든 채소/과일을 지역 특산물인 우도 땅콩, 논산 딸기, 충주 사과 등
그 지역하면 딱 떠오르는 식재료로 재치있게 활용하여 칵테일을 선보인다.
게다가 주재료가 되는 특상품의 생산지가 고향인 분들에게는
‘외지인 할인 10%’ 까지 귀엽게 적용해준다고 하니
각박한 서울 속 타지 생활을 하는 청년들에게 소소한 위로까지 선사.
지역사회와 1인 가구를 생각하는 이 작은 매장의 큰 철학이 너무나 맘에 든다.
# 그래서 뭘 먹었냐면(3라운드 예정)
술에 진심인 우리는 시그니처 칵테일, 클래식 칵테일, 위스키 샷 3라운드로 진행하기로 결정.
1라운드는 시그니처 칵테일
Next image
강원도 산나물 무침, 구운 오렌지
칵테일인데 강원도 산나물 무침이라고요?
너무 궁금해서 안 마셔 볼 수가 없어. 즉시 진행시켜.
산나물답게 서브해주시기 직전 참기름을 4방울 톡톡 떨어뜨려 주신다.
덕분에 잔을 입에 대기도 전에 참기름 향이 고소하게 코끝에 맴돌아 기분이 좋아진다.
산나물로 증류한 진을 사용해서인지 향긋하고 알싸한 끝맛이 너무 매력적인 칵테일이었다.
네임에 걸맞는 훌륭한 맛.
세계 유명한 바란 바는 많이 다녀봤지만 그곳들과 비교해도 정말 손색이 없는 맛이었다.
외국인 친구들이 한국에 오면 데려가서 맛 보여줘야지!
구운 오렌지 칵테일도 서브 직전 칵테일을 토치로 구워 올려주셔서
은은한 불향과 시트러스의 상큼함이 데킬라와 너무 잘어울렸다.
성공적인 시그니처 칵테일 시작으로 예열을 마친 우리는 다음 라운드로.
올드패션드, 롱아일랜드 아이스티, 디사론노 아이스크림
두번째 라운드는 클래식 칵테일로
내가 가장 좋아하는 올드패션드와 메뉴엔 없었지만 요청하니 만들어주신
언니의 최애 롱티.
클래식은 영원한 것. 언제 어디서 마셔도 그저 맛있지~
이곳의 롱티는 콜라없이 만들어주셔서 독특했다.
내어주신 프레츨과 초콜릿에 더해 디사론노 아이스크림도 주문.
디사론노의 아몬드 맛과 아이스크림이 너무 잘 어울렸고
같이 마신 올드패션드와의 궁합도 좋았다.
마지막 라운드로!
아란 마크리무어, 우도 땅콩
이 달의 위스키인 아란 마크리무어와 쌩 알코올은 비선호하는 언니는 시그니처 칵테일을 한 잔 더 주문
처음 마셔보는 마크리무어를 저렴한 가격에 경험해 볼 수 있어서 좋았다.
우도 땅콩의 경우 땅콩을 직접 면보에 짜서 베이스를 만드신다고 하셨다.
그래서인지 우유가 한 방울도 들어가지 않았는데 우유의 부드러움이 느껴지는
정성 가득한 칵테일. 가니쉬로 올라간 호두정과와의 궁합은 말모말모.
위스키의 경우 vip가 되면 정량 대비 150% 용량으로 즐길 수 있고,
이달의 위스키도 첫 잔 40%, 그 다음부터는 10% 할인 된 금액으로 마실 수 있다.
vip가 되는 법은 인스타 팔로우만 하면 끝!
팔로우 하고 거나하게 취해보자.
청춘위스키(@youth_whisky) • Instagram 사진 및 동영상
팔로워 4,756명, 팔로잉 368명, 게시물 118개 - 청춘위스키(@youth_whisky)님의 Instagram 사진 및 동영상 보기
www.instagram.com
# 새심한 배려가 넘치는 곳
한 매장의 인상을 좌우하는데 큰 영향을 주는 것이 화장실.
매장이 아무리 좋아도 화장실이 별로이면 전체적인 만족도가 떨어지는데
청춘위스키는 화장실까지 배려가 넘쳤다.
가글도 준비되어 있고 패브릭 향수도 구비가 되어 있어 마지막까지
산뜻하게 마무리 할 수 있었다.
친절하고 훈훈하신 사장님들께서 심심하지 않고 부담스럽지 않게
말도 걸어주고 세심한 서비스가 인상적이었던 청춘위스키.
알고보니 집에서 가까운 화곡동에도 지점이 있다!
매주 화요일은 혼술데이로 운영한다고 하니
자주 방문해서 시그니처 칵테일 도장깨기를 해봐야겠다.
맛있게 잘 마시고 갑니다.
오래 뵈어요, 사장님!",강쥐나의 고군분투기,blog.naver.com/ima_gina_tion,2026-05-21,,1.0,,,2026-05-21 13:21:13.370620
naver_blog,논산딸기,논산딸기,bakchajang_224292170806,https://blog.naver.com/bakchajang/224292170806,귀여워서 심쿵! 빽다방 춘배와 친구들 역대급 콜라보 스무디 & 한정판 MD 총정리 (춘배펀치 스무디 춘배와 친구들 굿즈판매매장 칼로리),"안녕하세요!
인기 웹툰 캐릭터만 보면
지갑이 활짝 열리는 굿즈 콜렉터 분들,
그리고 시원한 달다구리로
스트레스를 푸는 디저트 러버 분들을 위해
아주 반가운 소식을 들고 왔습니다.
바로 오늘! 5월 21일부터 시작되는
'빽다방 X 춘배와 친구들'의
역대급 콜라보레이션 이벤트인데요.
귀여운 비주얼로 무장한 신메뉴 스무디 2종부터, 소장 욕구를 마구 자극하는
한정판 MD 라인업까지 한눈에 보기 쉽게
싹 다 정리해 드립니다!
오픈런 뛰기 전에 꼭 정독해 주세요! 🏃‍♀️🏃‍♂️
1. 심장을 때리는 냥냥펀치!
🐾 신메뉴 스무디 2종
이번 콜라보의 메인 음료는
부드러운 휘핑크림 위에 춘배가 꾹~ 찍고 간 듯한 '초콜릿 발바닥' 토핑이 포인트입니다.
710ml(24oz)의 대용량 짐승 용량이라
한 잔만 마셔도 하루 종일 든든하답니다.
🍫 냥냥! 춘배펀치 초코스무디
달콤한 밀크 베이스에
진한 초콜릿이 듬뿍 들어간 음료입니다.
당 충전이 시급할 때 완벽한 선택이죠!
🍓 냥냥! 춘배펀치 딸기스무디(칼로리)
밀크 베이스에 상큼 달달한 딸기가
어우러져 부드러우면서도
리프레시 되는 맛을 자랑합니다.
💡 에디터의 영양 정보 체크 박스!
춘배펀치 초코스무디 (424.6 kcal):
진한 초코가 들어간 만큼
소량의 카페인(약 10.4mg)이
함유되어 있습니다.
어린이, 임산부, 카페인 민감자라면
섭취에 주의해 주세요!
춘배펀치 딸기스무디 (433 kcal):
카페인이 전혀 없는 0mg 음료입니다.
남녀노소 누구나 안심하고
맘껏 즐길 수 있어요!
영양성분표시 칼로리 /출처 : 빽다방
영양성분표시 칼로리 /출처 : 빽다방
2. 절대 놓칠 수 없는 '한정판 MD' 라인업 &
출시 일정 🗓️
굿즈 사려고 커피 마시는 분들 많으시죠?
이번 콜라보 MD는 출시일이
1차와 2차로 나뉘어 있으니
방문 전 일정을 꼭 확인하셔야 합니다.
구분
MD 상품명
판매 시작일
구매 조건 및 가격
1차
랜덤 키캡 키링 (1구)
5/21(목) ~ (오늘!)
음료 구매 시 +200원 (총 5종 중 1종 랜덤)
(단품 구매 불가 / 음료 1잔당 1개)
2차
인형 키링 & 의상 SET
6/1(월) ~
음료 구매 시 8,400원 / 단품 16,500원
(초코 / 딸기 버전 중 택 1)
2차
아이스 전용 변온컵
6/1(월) ~
음료 구매 시 7,900원 / 단품 16,000원
✨ 에디터의 MD 구매 꿀팁 ✨
바로 오늘부터 풀리는 '랜덤 키캡 키링'은
단돈 200원이라는 갓성비를 자랑하지만,
반드시 콜라보 음료를 구매해야만
얻을 수 있습니다.
귀여운 표정의 키캡이 무려 5종이나 되니
어떤 얼굴이 나올지 기대하는 재미도 쏠쏠하겠죠?
6월 1일부터 시작되는
2차 라인업의 경우 콜라보 음료와
세트로 구매하면 가격이 확 낮아지니,
이왕이면 스무디 한 잔 마시면서
굿즈를 업어오는 것이 훨씬 이득입니다!
3. 방문 전 필수 확인! ⚠️ 유의사항
성공적인 굿즈 득템을 위해
매장으로 달려가기 전 딱 3가지만 기억해 주세요.
재고는 한정수량!
모든 MD는 매장별 재고 소진 시
판매가 종료됩니다.
인기 많은 굿즈는 첫날 품절될 수 있으니
서두르세요.
판매 매장을 꼭 확인하세요!
모든 빽다방 매장에서 굿즈를 파는 것은 아닙니다. 빽다방 공식 홈페이지(PC 버전 권장)에서
'판매 매장 리스트'를
미리 검색해 보고 방문하시는 것을 추천합니다.
(굿즈 판매매장 리스트)
ㄱ
KBS본관점, 가락시장역점, 가산AP타워점, 가산skv1점, 가산로데오점, 가오리역점, 가좌역점, 가평읍내사거리점, 갈산역점, 강남포스코센터점, 강동역헤르셔점, 강릉교동광장점, 강릉교동중앙점, 강릉금학점, 강릉남산초교점, 강릉유천점, 강릉포남점, 강변역점, 강원대점, 강원양양점, 강원인제점, 강원화천점, 강원횡성점, 강일2지구점, 개봉역북부점, 거제사등점, 건대로데오점, 경기광주퇴촌점, 경기북부청사역점, 경남창녕점, 경남하동빛드림본부점, 경북고령다산점, 경북대정문점, 경북성주점, 경산사동점, 경산신대부적점, 경산옥곡점, 경산진량점, 경산펜타힐즈점, 경산하양중앙점, 경주로데오점, 경주분황사점, 계룡시청점, 고덕역점, 고성간성점, 고양삼송시티점, 고양삼송신원점, 고양서정마을점, 고양원당e편한시티점, 고양원당중앙점, 고양원흥역점, 고양일고점, 고양현대테라타워점, 공덕역롯데캐슬점, 공존점, 공주대점, 공주중동점, 과천디테크타워점, 과천상상자이점, 관악구청점, 광교경기대후문점, 광교법조타운점, 광명기아타운점, 광명두산위브점, 광명새마을시장점, 광명소하점, 광명전통시장남부점, 광명철산점, 광명초교점, 광양마동점, 광양용강점, 광양중마사랑점, 광양칠성점, 광운대점, 광주매곡점, 광주삼동점, 광주성원점, 광주소촌점, 광주수완대로점, 광주신창사거리점, 광주신현점, 광주운암벽산점, 광주이마트점, 광주주월골드점, 광주첨단2지구점, 광주첨단로데오점, 광주첨단재활병원점, 광주하남점, 구로시장점, 구로이앤씨6차점, 구리수택점, 구리인창늘푸른점, 구리인창삼거리점, 구리인창점, 구리장자호수공원점, 구미구평롯데점, 구미봉곡점, 구미상모점, 구미역점, 구미옥계점, 구미인동점, 구미형곡점, 구산역점, 구의중앙점, 구파발역미켈란점, 구파발역점, 군산경장철길숲점, 군산대야점, 군산소룡점, 군산수송점, 군자역점, 군포당동우체국점, 군포당정삼거리점, 군포송정점, 군포신환점, 군포첨단점, 굽은다리역점, 금정역점, 금천롯데캐슬점, 기장대청점, 기흥역사거리점, 기흥역점, 기흥테라타워점, 길동역점, 길음뉴타운점, 김제시청점, 김제용지점, 김제터미널점, 김천구미역점, 김천부곡점, 김포고촌역점, 김포구래휴트라움점, 김포사우점, 김포장기쌍용점, 김포통진마송점, 김포풍무역점, 김포한강cgv점, 김해부원점, 김해삼계한라비발디점, 김해외동점, 김해율하점
ㄴ
나주혁신점, 낙성대역점, 남양주2청사점, 남양주덕소점, 남양주도농애시앙점, 남양주도심역점, 남양주오남한신점, 남양주진접제일점, 남양주호평점, 남원중앙점, 노량진드림스퀘어점, 노량진학원점, 노원역북부점, 논산시청점
ㄷ
다산역점, 다산중앙점, 다산테라타워점, 다산현대캠퍼스몰점, 담양메타점, 당산역점, 당진기지시점, 당진문예의전당점, 당진수청호반점, 당진읍내점, 대구경대병원점, 대구고성동오페라점, 대구공평네거리점, 대구교동시장점, 대구남평리네거리점, 대구내당점, 대구달성공원역점, 대구달성테크노점, 대구대봉점, 대구대신자이점, 대구대실역점, 대구도원골든점, 대구동성로1호점, 대구동성로2호점, 대구동성로공평점, 대구동촌역점, 대구만촌역태왕점, 대구만촌점, 대구만촌팔레스점, 대구매천시장점, 대구방촌상명점, 대구범어KBS점, 대구보건대점, 대구복현네거리점, 대구봉무공원점, 대구북구서변점, 대구불로동점, 대구상인역롯데점, 대구상인월배로점, 대구상인화성파크점, 대구서재점, 대구성서롯데점, 대구수성3가점, 대구수성구청역점, 대구신월성점, 대구용산점, 대구월성원더풀점, 대구으뜸병원점, 대구이천푸르지오점, 대구장기동점, 대구죽전삼정점, 대구청라힐스자이점, 대구칠곡팔거역점, 대구칠곡학정점, 대구칠성하늘채점, 대구파동나이스점, 대구파티마삼거리점, 대구팔달노원점, 대구현풍테크노중리점, 대구화원명천로점, 대구황금역SK뷰점, 대림성모점, 대림역점, 대전갈마점, 대전관저더샵점, 대전관평중점, 대전괴정점, 대전대덕밸리점, 대전대동점, 대전대흥자이점, 대전도마네거리점, 대전둔곡점, 대전둔산더샵엘리프점, 대전둔산중앙점, 대전둔산청솔점, 대전목상점, 대전문지점, 대전문화점, 대전법동점, 대전삼성아파트점, 대전새여울초점, 대전선병원점, 대전선화빌리프점, 대전선화해모로점, 대전송강동점, 대전수정타운점, 대전신성산단점, 대전용두선화점, 대전용문역점, 대전용산점, 대전용운에코포레점, 대전용운중앙점, 대전우송대점, 대전유성도안점, 대전유성센트럴점, 대전유천버드내점, 대전은행점, 대전장대점, 대전정림점, 대전지족역사점, 대전천동리더스시티점, 대전천동점, 대전탄방로데오점, 대전탄방이편한세상점, 대전탑립테크노점, 대전터미널서관점, 대전판암역점, 대전학하오투그란데점, 대전한밭대점, 대전홍도점, 대전효촌마을점, 대천해수욕장점, 대학로점, 덕양구청점, 도봉구민회관점, 돈암점, 동대문역사문화공원역점, 동묘역점, 동수원사거리점, 동양미래대점, 동여의도점, 동탄남광장점, 동탄레이크드림점, 동탄목동점, 동탄서연점, 동탄역디에트르더마당점, 동탄역아이비파크점, 동탄영천한백점, 동탄카림3차점, 동탄프리미엄아울렛점, 동해천곡점, 둔촌동역점, 등촌성당점, 등촌역점, 뚝섬상원길점
ㅁ
마곡나루역북부점, 마곡리더스타워점, 마곡역GMG점, 마곡역로뎀타워점, 마두역점, 마들역점, 망월사역점, 면목2동점, 면목역점, 명지대점, 목동41타워점, 목동우성점, 목동파리공원점, 목포대성점, 목포북항골든점, 목포상동점, 목포옥암점, 목포용당점, 목포용해이로점, 목포터미널점, 몽촌토성역점, 무안목포대점, 무안오룡점, 무안전남도청점, 무안한양에드가점, 문경모전점, 문래SKV1센터점, 미아역점
ㅂ
반포고투몰2호점, 방이시장점, 방학사거리점, 방화사거리점, 범계역사거리점, 병점역복합타운점, 보라매타운점, 봉담동화마을점, 봉화산역점, 부산거제레이카운티점, 부산공항덕두점, 부산광안하버뷰점, 부산남구청점, 부산동아대승학점, 부산만덕점, 부산명지국제타워점, 부산서면에이원프라자점, 부산수영역점, 부산양정자이더샵점, 부산역점, 부산연산시장점, 부산영도동삼점, 부산일광신도시점, 부산지사동점, 부천도당산업단지점, 부천소새울역점, 부천신중동점, 부천약대점, 부천옥길호반점, 부천원미사거리점, 부천중동시장점, 부평북부역점, 부평여고점, 부평장제로점, 부평테마의거리점, 북서울꿈의숲점, 빨래골입구점
ㅅ
사당네스코점, 사당방배점, 사천정동점, 산본사거리점, 산본역점, 산본흥진점, 삼례우석대점, 삼미시장점, 삼성전자정문점, 삼송스칸센점, 삼양동사거리점, 삼양시장점, 상계보람점, 상계하늘공원점, 상도e편한점, 상동역북부점, 상봉이지팰리스점, 상암이안점, 상왕십리역점, 상주시청점, 서귀포중문로터리점, 서귀포중문점, 서산터미널점, 서산해미점, 서산호수공원점, 서울교대점, 서울대메트로빌점, 서울중계초교점, 서원역점, 석계중앙점, 석촌고분역점, 석촌역점, 석촌호수단길점, 성남대원사거리점, 성남도촌점, 성남모란역점, 성남신구대점, 세종고운남측점, 세종다정점, 세종대평점, 세종반곡점, 세종봉안교차로점, 세종산울마을7단지점, 세종새롬중앙점, 세종소담점, 세종시립도서관점, 세종아름점, 세종어반아트리움점, 세종용포대평시장점, 세종전의점, 세종종촌점, 세종첫마을점, 센텀SH밸리점, 소래포구역점, 소사역점, 속초부영점, 속초터미널점, 속초해수욕장점, 송도닥터플러스몰점, 송도랜드마크시티점, 송산그린시티점, 송정역점, 송탄출장소점, 송파하비오점, 수락산역점, 수원곡반정동점, 수원권선이마트점, 수원망포역점, 수원매교힐스테이트점, 수원역전시장점, 수원영통중앙점, 수원오목천점, 수원율전점, 수원장안cgv점, 수원정자시장점, 수원탑동초교점, 수원호매실능실점, 수원화서시장점, 수원황골마을점, 수유사거리점, 수지구청점, 순천서면점, 순천연향3지구점, 순천연향점, 순천용당점, 숭실대점, 시흥거북섬점, 시흥능곡장현점, 시흥목감조남점, 시흥배곧호반써밋점, 시흥월곶점, 시흥장곡공원점, 시흥장현점, 시흥정왕로데오점, 시흥정왕시장점, 시흥정왕유천점, 신내우남점, 신논현역점, 신대방삼거리점, 신동탄헤센타워점, 신림역1호점, 신림역2호점, 신사사거리점, 신서귀포점, 신설동역1호점, 신정네거리역점, 신중동역점, 쌍문역2번출구점
ㅇ
아산배방삼성점, 아산배방연화점, 아산배방월천점, 아산배방점, 아산선문대점, 아산순천향대학교점, 아산탕정역점, 아산탕정예미지점, 아산터미널점, 아산테크노밸리점, 아산호서대점, 아주대점, 아차산점, 안동문화의거리점, 안산고잔롯데점, 안산고잔월드점, 안산반월공단점, 안산본오신안점, 안산서울예대점, 안산선부한양점, 안산역점, 안산원곡보성점, 안산월피공원점, 안산중앙주공점, 안산한대앞역점, 안성공도골드점, 안성당왕점, 안양관양시장점, 안양남부시장점, 안양대림대앞점, 안양대우상가점, 안양박달시장점, 안양비산래미안점, 안양석수중앙점, 안양어반포레점, 안양예술공원점, 안양예술사거리점, 안양일번가점, 안양충훈부점, 안양평촌학원가점, 안양포도원점, 암사역점, 압구정역점, 야탑역NC점, 약수시장점, 양산석산점, 양산세무서점, 양산평산점, 양재역점, 양주고읍점, 양천향교역점, 양평구산드림타워점, 양평중흥S클래스점, 여수진남관점, 여의도역점, 여주중앙점, 역촌역점, 연신내역점, 영등포구청역점, 영등포도림점, 영등포시장역점, 영암삼호점, 영월중앙점, 영종운서스카이점, 영천망정점, 영천시청점, 예산군청점, 오류동역남부점, 오류동역북부점, 오산고인돌공원점, 오산궐동점, 오산세교가수점, 오산세마역점, 오산역점, 오산주공5단지점, 오창과학단지점, 오창호수공원점, 옥길퀸즈파크점, 올림픽북단점, 완도청해진점, 완주군청점, 완주용진점, 완주혁신점, 왜관역점, 외대앞역교차로점, 용산한강로3가점, 용인고림내안애점, 용인고진초교점, 용인구성언남점, 용인구성역점, 용인기흥구청점, 용인동백역점, 용인둔전점, 용인마북점, 용인신갈롯데점, 용인역북남부점, 용인죽전누리점, 용인처인중앙점, 용인한숲시티점, 울산매곡점, 울진군청점, 원광대점, 원주간현점, 원주건강보험공단점, 원주공군비행단점, 원주기업도시점, 원주단관점, 원주단구gs점, 원주무실동점, 원효용문시장점, 월계롯데캐슬루나점, 위례역점, 은현농협에너지점, 응암역이마트점, 응암역점, 의왕계원예대점, 의왕서해그랑블점, 의왕포일프라자점, 의정부KT사거리점, 의정부가능역점, 의정부금오점, 이수역13번출구점, 이천마장점, 이태원점, 익산모현현대점, 익산시민공원점, 익산시청점, 익산역서부점, 익산영등제일점, 인제원통점, 인천SK리더스뷰2차점, 인천가정고점, 인천가좌점, 인천간석벽산점, 인천검단금호점, 인천검암서해점, 인천계산삼거리점, 인천구월로데오점, 인천구월정각초점, 인천길병원점, 인천남동초교점, 인천논현에코점, 인천논현역2호점, 인천더블유병원점, 인천도화청운대점, 인천동암역북부점, 인천루원시티점, 인천모래내시장점, 인천미추홀구청점, 인천부개코오롱점, 인천부평공고점, 인천부평금호이수점, 인천불로점, 인천서구청점, 인천서부여성회관점, 인천성민병원점, 인천숭의용마루점, 인천신검단풍경채1차점, 인천신현하늘채점, 인천아인여성병원점, 인천연수대림점, 인천연수보건소점, 인천연수영남점, 인천연안부두점, 인천올리브백화점점, 인천용현토지점, 인천원창북항점, 인천임학역점, 인천작전역점, 인천청라쓰리엠점, 인천청라커넬점, 인천화전초교점, 인천효성E편한세상점, 인천효성명현점, 인하대역sk점, 일산가좌마을점, 일산주엽역점, 일산풍동점, 일산하이파크시티점, 일산화정DT점, 일산후곡9단지점, 일원영희초교점
ㅈ
자양역점, 잠실대교북단점, 잠실레이크팰리스점, 잠실새내점, 잠실역지하도점, 장수장계점, 장승배기역점, 장안뉴시티점, 장안현대홈타운점, 장위전통시장점, 전남강진점, 전남고흥녹동점, 전남대후문점, 전남목포삼학점, 전남장성점, 전남함평점, 전북대1호점, 전북부안점, 전북완주첨단점, 전북임실점, 전북장수점, 전주교대점, 전주근영점, 전주덕진구청점, 전주동산점, 전주마전점, 전주만성북부점, 전주만성중앙점, 전주모래내시장점, 전주반월점, 전주삼천흥건점, 전주서부시장점, 전주서신롯데점, 전주송천센트럴파크점, 전주송천중앙점, 전주아중점, 전주에코백석점, 전주에코시티점, 전주우전점, 전주평화모악로점, 전주평화사거리점, 전주효자기전점, 전주효자상산점, 전주효천지구점, 정릉역점, 정약용도서관점, 정읍중앙점, 정읍터미널점, 정읍호남고점, 제기동역점, 제주노형뜨란채점, 제주동광육거리점, 제주동문시장점, 제주봉개DT점, 제주삼도일동점, 제주삼화부영점, 제주서광로동성길점, 제주송악산점, 제주신비로점, 제주애월구엄포구점, 제주애월좋은마트점, 제주애월항점, 제주연동사거리점, 제주연북로점, 제주월정리점, 제주이도초교점, 제주일도동문점, 제주평화로SK점, 제주하귀점, 제주한경면수월봉점, 제주한림점, 제주합동청사점, 제주화북남문점, 제천중앙로점, 조치원신흥점, 종로5가역점, 종로경희궁의아침점, 종로꽃시장점, 종로새문안점, 종로숭인대경점, 종로평창동점, 종암사거리점, 주문진교항점, 주안북부역점, 주안센트레빌점, 주안역점, 중계브라운스톤점, 중계씨앤미점, 중곡가구거리점, 중곡시장점, 중랑묵동신도점, 중랑신내프라디움점, 중랑역동부시장점, 중화동제일시장점, 중화역점, 진영중흥S클래스점, 진주경상대후문점, 진주과기대점, 진주로데오점, 진주상봉점, 진주시청점, 진주초장점, 진주평거수정초점, 진주평거점, 진주혁신점, 진주호탄점, 진해우림필유점, 진해자은점
ㅊ
창동에이치큐브병원점, 창동역서부점, 창동역점, 천안남서울대점, 천안동남경찰서점, 천안두정대우점, 천안두정역점, 천안두정오성점, 천안두정중앙점, 천안목천점, 천안병천점, 천안불당정석점, 천안불당중앙점, 천안불당호반점, 천안삼거리점, 천안성거점, 천안성정롯데점, 천안성정주공5단지점, 천안성환중앙점, 천안순천향병원점, 천안시청점, 천안신방성지점, 천안신방점, 천안신방초원점, 천안신부동아점, 천안신부점, 천안신부희망초교점, 천안신안점, 천안쌍용월봉점, 천안쌍용중앙점, 천안용곡세광점, 천안입장점, 천안차암점, 천안청당벽산점, 천안터미널점, 천호역로데오점, 천호역롯데점, 철산롯데캐슬점, 철산자이더헤리티지점, 청계산입구역점, 청라3단지루비점, 청라좋은병원점, 청량리역점, 청주가경아이파크점, 청주강서점, 청주금천광장점, 청주내수점, 청주문의IC주유소점, 청주방서점, 청주방서호반우미린점, 청주복대사거리점, 청주분평중앙점, 청주사직푸르지오점, 청주성안롯데점, 청주수곡점, 청주오송점, 청주용암현대점, 청주율량9단지점, 청주중앙공원점, 청주탑동점, 청주터미널점, 청주테크노폴리스점, 춘천명동점, 춘천석사CGV점, 춘천신북샘밭점, 춘천엔타점, 춘천온의점, 춘천후평점, 충남계룡엄사점, 충남금산점, 충남대후문점, 충북괴산점, 충북대중문점, 충북보은점, 충북영동점, 충북옥천점, 충북혁신도시음성점, 충북혁신도시진천점, 충주호암신도시점, 칠곡남율점, 칠곡석적중리점
ㅌ
탄현역제니스점, 탐라도서관점, 태릉입구역점, 태백중앙점, 태전한아람초점
ㅍ
파주봉서농협점, 파주야당역점, 파주오산리점, 파주한빛마을점, 파주해오름마을점, 판교삼환하이펙스점, 퍼블릭가산점, 평내호평역점, 평택고덕SBC점, 평택고덕국제신도시점, 평택동삭대림점, 평택소사벌1호점, 평택안중점, 평택용죽점, 평택팽성점, 포천송우중앙점, 포천신읍점, 포항법원점, 포항영일대점, 포항한동대점, 풍산역점
ㅎ
하계을지병원점, 하남감일월드점, 하남망월점, 하남미사역점, 하남신장동일점, 하남풍산점, 한강성심병원점, 한티역점, 합정역사거리점, 합정역점, 해남군청점, 해운대대동사거리점, 행당무학점, 행신역점, 혜화역점, 호원범골역점, 홍대입구점, 홍성내포청사점, 홍성로데오점, 홍익대제3기숙사점, 화곡아덴하임점, 화곡역점, 화성봉담2지구점, 화성새솔송린점, 화성수원대점, 화성정남발산점, 화순광덕점, 화양사거리점, 화정역점
2차 MD 판매 매장 공지:
6월 1일에 출시되는 인형과 변온컵
판매 매장 리스트는 5월 28일 즈음에
추가로 업데이트될 예정이니
캘린더에 미리 알람을 맞춰두세요!
귀여운 춘배와 달콤한 스무디의 완벽한 만남!
오늘 식후 커피는
무조건 빽다방으로 정하셔야 할 것 같네요.
그럼 모두 원하시는 굿즈 득템에
성공하시길 바랍니다! 🐾.
#빽다방, #콜라보, #빽다방신메뉴, #빽다방냥냥춘배펀치초코스무디, #빽다방냥냥춘배펀치딸기스무디, #빽다방초코스무디, #빽다방딸기스무디, #춘배키링, #춘배키캡키링, #빽다방춘배와친구들, #춘배와친구들, #냐한남자, #빽다방냐한남자",박차장의 프랜차이즈 이야기,blog.naver.com/bakchajang,2026-05-21,,8.0,2.0,2026.5.21. 11:17 :: 춘배 굿즈는 무조건 소장해야죠! 춘배펀치 스무디도 궁금하네요. | 2026.5.21. 11:27 :: 필요했던 정보가 잘 정리되어 있네요. 친절한 설명 덕분에 이해가 빨랐습니다. 앞으로도 응원하겠습니다,2026-05-21 13:21:34.533629
naver_blog,논산딸기,논산딸기,pinguino9856_224292163420,https://blog.naver.com/pinguino9856/224292163420,논산 청보리 밭 카페 | 카페사계,"안녕하세요. 핑가 셰프입니다.
이번에 논산 광석면 쪽에
새로운 카페가 생겨 방문했습니다.
요즘 논산 쪽은 대부분 방문해 본 상태라
점점 갈 곳이 없어지고 있는데
새로운 카페가 생겨 기분 좋게 방문했습니다.
이날은 차량 정비를 갔다가
정비사분이 없어서
시간 때울 겸 방문했습니다.
청보리 받이 인상적인
카페사계
카페사계
⏰영업 시간
10:00 ~ 21:00
휴무일 매주 화요일
📍위치
충남 논산시 광석면 사계로 497 1~2층
50m
© NAVER Corp.
카페사계
충청남도 논산시 광석면 사계로 497 1~2층
🅿️ 주차
건물 앞에도 주차장이 있지만
바로 근처 상가에도 주차장이 있습니다.
50m
© NAVER Corp.
카페사계 주차장
충청남도 논산시 사계로 498
Next image
카페사계 주차장
Next image
카페사계 내부
내부는 복층 구조이고
샹들리에가 있었습니다.
2층 복층에는 3 자리씩 있습니다.
Next image
카페사계 테라스
테라스는 4 자리 정도가 있고
앞에 청보리 밭이 있습니다.
Next image
카페사계 메뉴
카페사계 메뉴
아메리카노 4,000원
아몬드크림라떼 6,000원
바닐라라떼 5,500원
논산 딸기라떼 6,000원
저는 아몬드 크림 라떼 주문했습니다.
처음 찾아볼 때도 시그니처 메뉴라서
주문했습니다.
카페사계 음료(아몬드 크림 라떼)
쿠크다스도 올려주고
고소한 크림이 너무 좋았습니다.
쿠크다스를 크림에 찍어 먹고
나머지 음료를 즐기면 좋다고
안내받았습니다.
고소하고 달콤한 아몬드 크림에
쌉쌀한 코코아 파우더 맛이
너무 조화로웠습니다.
이상 핑가 셰프였습니다.
감사합니다.",핑가의 요리블로그,blog.naver.com/pinguino9856,2026-05-21,,0.0,,,2026-05-21 13:21:55.482077
naver_blog,논산딸기,논산딸기,finechoi12_224292161777,https://blog.naver.com/finechoi12/224292161777,"[6.3 지선, 인터뷰] 오인환 민주당 논산시장 후보 “논산의 10년, 이제는 바꿔야 한다”...‘변화와 통합’ 전면에","-이재명 정부·황명선 최고위원·박수현 후보와 원팀 구축
-“갈등은 끝내고, 청년과 미래산업이 돌아오는 논산 만들 것”
-“국방·AI·농업 미래산업 도시 만들 것”
-시내버스 무료화·행복주택 확대… 시민 체감형 복지 강화
오인환 더불어민주당 논산시장 후보는 논산의 미래 비전과 시민 체감형 변화를 전면에 내세우며 ‘실행형 행정’과 ‘논산의 새로운 황금시대’를 강조했다.
오인환 더불어민주당 논산시장 후보는 논산의 미래 비전과 시민 체감형 변화를 전면에 내세우며 ‘실행형 행정’과 ‘논산의 새로운 황금시대’를 강조했다. 이어 지방소멸 대응과 첨단 국방산업 육성, 논산형 기본사회 구축 구상을 밝히고, 중앙과 지방을 잇는 행정 경험과 예산·정책 역량을 강점으로 내세우며 ‘시민 삶이 실제로 바뀌는 진짜 행정’을 약속했다.
오인환 후보의 선거사무소 개소식 장면.
1. 출마 동기(소회)를 설명한다면?
논산은 지금 중요한 갈림길에 서 있다고 생각합니다. 과거의 방식과 갈등을 반복할 것인가, 아니면 미래를 준비하는 도시로 전환할 것인가를 결정해야 하는 시점입니다. 저는 충남도의회와 중앙정치를 경험하며 논산의 가능성과 한계를 동시에 확인해 왔습니다.
논산은 국방·농업·역사문화 등 충분한 잠재력을 가진 도시지만, 그 가능성을 시민 삶의 변화로 연결하는 실행력이 부족했다고 생각합니다. 지금 시민들께서는 단순한 정치적 구호보다 “내 삶이 어떻게 바뀌는가”를 묻고 계십니다. 저는 시민이 체감하는 결과를 만드는 ‘실행형 행정’을 통해 .논산의 새로운 전환을 이끌겠다는 책임감으로 이번 선거에 나섰습니다.
오인환 후보는 12일 오후 선거사무소에서 국민총행복전환포럼과 ‘주민행복증진 정책협약’을 체결하였다.
2. 주요 공약 3가지가 궁금한데 ...
첫째, 논산을 대한민국 첨단 국방산업의 중심 도시로 만들겠습니다. AI·드론·무인체계 중심의 국방국가산단을 조성하고, 국방벤처센터와 미래기술연구소를 중심으로 첨단 방산 생태계를 구축하겠습니다. 이재명 정부의 방산 육성 정책과 집권여당의 힘을 연결해 논산을 K-방산의 핵심 거점으로 키우겠습니다.
둘째, 시민 삶을 책임지는 논산형 기본사회를 구축하겠습니다. 시내버스 무료승차, 장기임대 행복주택, AI 안전망 구축, 평생학습 바우처 등을 통해 시민 누구나 인간다운 삶을 누릴 수 있는 도시를 만들겠습니다. 복지는 시혜가 아니라 권리라는 철학으로 접근하겠습니다.
셋째, 농업을 미래산업으로 전환하겠습니다. 필수농자재 반값 지원, 논산형 스마트팜 표준모델 보급, 농업예산 30% 증액 등을 통해 농업인의 실제 소득을 높이겠습니다. 논산딸기를 세계적인 브랜드로 육성해 농업이 돈 되는 산업이 되도록 만들겠습니다.
오인환 후보가 8일 오후 논산 선거사무소에서 지속가능관광포럼과 ‘지역 곳간을 키우는 순환형 지역경제 실천 협약’을 체결한 뒤 사진촬영 장면.
3. 심각한 지방소멸을 해소하기 위한 방안이 있다면?
지방소멸 문제의 핵심은 결국 일자리와 정주환경이라고 생각합니다. 청년이 떠나는 도시에는 미래가 없습니다. 저는 방산·AI·드론 산업을 기반으로 양질의 일자리를 만들고, 지역 인재 우선 채용 구조를 구축하겠습니다. 동시에 청년과 신혼부부를 위한 장기임대 행복주택과 청년 정착 지원 정책을 확대하겠습니다.또 교육·보육·문화·교통이 연결된 논산형 기본사회 시스템을 구축해 “논산에서 태어나 성장하고 살아가는 것이 행복한 도시”를 만들겠습니다.
특히 읍면동 생활공동체 복원과 농촌형 AI 안전망 구축 등을 통해 농촌 지역까지 촘촘한 정주 기반을 만들겠습니다. 지방소멸은 단순한 인구 문제가 아니라 삶의 질의 문제라고 생각합니다.
4. 후보자의 강점과 약점이 무엇인지 간략히 설명한다면?
저의 강점은 실행력과 연결력입니다. 청와대 행정관, 국회 입법보좌관, 충남도의회 예결산위원장 등을 거치며 중앙과 지방 행정을 모두 경험했습니다. 정책이 어떻게 만들어지고 실제 예산과 사업으로 연결되는지 누구보다 잘 알고 있습니다.
또 하나는 소통입니다. 시민의 목소리를 듣지 않는 행정은 결국 갈등을 키울 뿐입니다. 저는 시민과 직접 만나고 현장에서 답을 찾는 정치를 해왔습니다. 반면 저의 약점은 때로는 너무 신중하다는 점입니다. 그러나 저는 그 신중함이 결국 시민 의견을 충분히 듣고 책임 있게 결정하려는 과정이라고 생각합니다.
5. 후보자의 주요 경력 및 활동과 이 중 특히 강조하고 싶은 부분은?
저는 청와대 사회조정비서관실 행정관, 국회 입법보좌관, 국가균형발전위원회 소통특별위원 등을 역임하며 중앙정부 경험을 쌓았습니다. 이후 충남도의회 복지환경위원장과 예산결산특별위원장을 맡아 지방행정과 예산 정책을 직접 다뤄왔습니다.
특히 강조하고 싶은 부분은 중앙과 지방을 연결하는 경험입니다. 지금 논산은 국가사업과 중앙정부 예산을 얼마나 끌어오느냐가 매우 중요합니다. 저는 이재명 정부, 황명선 최고위원, 박수현 후보와 함께 논산 발전을 위한 원팀 체계를 구축해 논산의 성장 동력을 반드시 만들어내겠습니다.
6. 상대 후보를 간략히 평가한다면?
백성현 후보는 오래전 국회 보좌진 시절부터 인연이 있었던 분입니다. 제가 지켜본 가장 큰 장점은 성실함입니다. 누구보다 부지런하고 열정적으로 일하시는 부분은 높이 평가합니다.
다만 지금 논산에는 성실함을 넘어 시민과의 소통, 그리고 미래를 준비하는 방향성이 더 중요하다고 생각합니다. 저는 시민과 함께 방향을 정하고 결과를 만드는 행정으로 논산의 새로운 변화를 이끌고 싶습니다.
7. 유권자에게 당부하고 싶은 것은?
이번 선거는 논산의 미래를 결정하는 중요한 선택이라고 생각합니다. 논산은 충분한 가능성을 가진 도시입니다. 이제 필요한 것은 그 가능성을 현실로 만드는 실행력입니다. 저는 시민이 체감하는 변화, 시민 삶이 실제로 나아지는 ‘진짜 행정’을 만들겠습니다.
시민 여러분께서 이번 선거에서 “누가 시민의 삶을 바꿀 수 있는가”, “누가 논산의 미래를 준비할 수 있는가”를 중심으로 판단해 주셨으면 합니다. 저 오인환, 말이 아니라 결과로 증명하겠습니다. 시민과 함께 논산의 새로운 황금시대를 열겠습니다.",글로컬타임스(Glocal Times),blog.naver.com/finechoi12,2026-05-21,,3.0,,,2026-05-21 13:22:16.734161
naver_blog,논산딸기,논산딸기,2027nonsanexpo_224292088596,https://blog.naver.com/2027nonsanexpo/224292088596,🚨딸기는 무죄 vs 유죄!?,"요즘 유행하는 🍓딸기 불륜 드라마...
다들 보신 적 있으실까요!?
쟤가 딸기 망신 다 시키네...(웅성웅성)🤔
딸기는 무죄 vs 유죄!?
📢나는 쟤랑 다른 딸기에요❤️‍🔥",딸기중독,blog.naver.com/2027nonsanexpo,2026-05-21,,2.0,,,2026-05-21 13:22:37.415268
naver_blog,논산딸기,논산딸기,yeoheung65_224292083458,https://blog.naver.com/yeoheung65/224292083458,킹스베리 5/24일까지 한정 판매 합니다.,"5,000원(특,상,중 혼합/1kg 스티로폼 1박스)
원산지: 충남 논산
품종 : 킹스베리
위치 : 논산시 시민로 319번길 6-2 (오후13시 이후)
예약 주문시 저녁 6시30분에 바람뜰농원 가게로 오셔서 가져가시면 됩니다.(논산시 시민로 319번길 6-2)
공선도 끝나고 경매장 가기에는 단가도 않나오고.... 아직까지 택배로도 보내는 딸기인데, 꽃작업 해놓은 딸기 까지만 따서 저렴하게 판매 합니다.
감사합니다.",바람뜰 농원,blog.naver.com/yeoheung65,2026-05-21,,3.0,,,2026-05-21 13:22:58.164794
naver_blog,논산딸기,논산딸기,treetravel_224292080828,https://blog.naver.com/treetravel/224292080828,씨없는 수박 고당도 하우스 꿀수박 논산 산지직송 할인 세일 가격으로 먹어본 후기,"씨없는 수박 고당도 하우스 꿀수박 논산 산지직송 할인 세일 가격으로 먹어본 후기
수박 철이 되면 매년 어디서 사야 좋을지 고민을 해요.
마트 수박은 당도가 들쭉날쭉하고
한 번 실패하면 그 큰 걸 다 먹기도 애매하잖아요.
그래서 올해는 논산 산지직송으로 한번 시켜봤어요.
씨없는 수박이라는 것도 궁금했고
고당도 하우스 꿀수박이라는 게 얼마나 다른지 직접 먹어보고 싶었거든요.
일단 박스 받았을 때부터 느낌이 달랐어요
문 앞에 박스 놓여있는 거 들었는데 묵직한 게 느껴졌어요.
진짜 튼실하다는 느낌이 손에서 바로 왔어요.
속이 꽉 차있는 느낌 아시잖아요.
들었을 때 가벼우면 괜히 불안한데
이건 무게감부터가 달랐어요.
포장도 꼼꼼하게 되어 있어서 배송 중에 눌리거나 상한 부분 없이 깔끔하게 왔어요.
수박 하나가 이렇게 제대로 포장되어 오는구나 싶었어요.
잘라봤는데 속 상태가 진짜 좋았어요
칼 대기 전에 두드려봤는데 소리가 맑고 통통하게 났어요.
좋은 수박 소리가 이런 거구나 싶은 그 소리요.
잘랐는데 속이 선명하고 짙은 빨간색이에요.
오 왜 이렇게 상태가 좋은 거지 싶었어요.
색이 이렇게 고르고 예쁜 수박이 흔하지 않거든요.
그리고 씨가 진짜 없어요.
몇 년 동안 수박 먹어왔는데 이렇게 씨 없는 수박은 처음 봤어요.
원래 씨 있는 수박에 익숙해져 있어서
잘랐을 때 씨가 거의 안 보이는 게 신기할 정도였어요.
씨없는 수박이 이렇게 다르구나 싶었어요.
손에 안 묻히고 먹을 수 있어요
씨 없는 수박의 진짜 장점이 이거예요.
씨 있는 수박 먹을 때 씨 발라내면서 손이 다 젖잖아요.
씨 뱉는 것도 번거롭고 아이들 먹일 때도 신경 쓰이고요.
씨없는 수박은 그냥 잘라서 바로 집어 먹을 수 있어요.
깔끔하게 먹을 수 있다는 게 이렇게 편한 거였구나 싶었어요.
저도 결혼하고 나서는 수박을 꼭 잘라서 통에 넣어두는데요.
씨 없으니까 썰어서 통에 넣는 것도 훨씬 수월했어요.
씨 발라내는 작업 없이 그냥 깍둑썰기 해서 냉장고에 넣으면 끝이에요.
남편이 이런 수박을 제일 좋아하거든요.
냉장고 열 때마다 통에 담긴 수박 보이면 군말 없이 바로 집어 먹더라고요.
아이들도 손 안 더럽히고 먹을 수 있으니까 이게 진짜 편해요.
씨없는 수박 고당도 하우스 꿀수박 논산 산지직송 할인 세일 가격
재생
0
좋아요
0
00:08

접기/펴기
씨없는 수박 고당도 하우스 꿀수박 논산 산지직송 할인 세일 가격
당도가 확실히 달라요
비파괴 당도선별을 거쳤다고 하는데
먹어보면 그게 뭔지 바로 이해가 돼요.
그냥 달다는 게 아니라 수박 본연의 깊은 단맛이에요.
과즙도 많고 시원하게 씹히는 식감이 살아있어요.
하우스에서 키운 꿀수박이라 당도 관리가 잘 된 거겠죠.
마트에서 사던 수박이랑 비교하면 당도 차이가 느껴져요.
한 입 먹으면 입 안에 수박 향이 가득 퍼지는 느낌이에요.
이 맛에 산지직송 수박 찾는 거구나 싶었어요.
논산 산지직송이라 믿음이 갔어요
논산은 딸기로 유명한 곳이기도 하지만
수박도 산지로 유명한 곳이거든요.
산지에서 직접 오는 거라 중간 유통 과정이 없으니까
더 신선하게 받을 수 있는 거예요.
마트에서 며칠 진열된 거 사는 것보다
산지에서 바로 온 수박이 신선도 차이가 날 수밖에 없어요.
받았을 때 상태가 좋았던 이유가 이거라고 생각해요.
이렇게 드세요
냉장고에 두 시간 이상 넣어서 충분히 차게 식혀서 드세요.
시원하게 썰어서 드시면 여름 더위가 싹 날아가요.
깍둑썰기로 잘라서 통에 담아두면
냉장고 열 때마다 꺼내 먹기 편하고
아이들 간식으로도 바로 꺼내줄 수 있어요.
과일 그릇에 담아서 올리면 손님 초대 때 내놔도 손색없어요.
씨없는 수박이라 플레이팅도 훨씬 깔끔하게 나와요.
시원하게 수박 썰어서 여름 시작해보세요
고당도 하우스 꿀수박 비파괴 당도선별 산지직송
- 할인 세일 가격 18,900원 구매할 수 있는 곳이에용
고당도 하우스 꿀수박 비파괴 당도선별 산지직송
청년과일365
naver.me
#씨없는수박 #고당도수박 #하우스꿀수박 #논산수박 #산지직송수박 #꿀수박 #당도선별수박 #여름과일 #수박추천 #비파괴당도선별",비바의 감성리뷰공간,blog.naver.com/treetravel,2026-05-21,,2.0,,,2026-05-21 13:23:19.322436
naver_blog,논산딸기,논산딸기,foxbear2212_224292066796,https://blog.naver.com/foxbear2212/224292066796,휴게소에 전망대와 박물관까지? 새만금전주고속도로 김제휴게소,"장거리 운전 중 잠시 쉬어가는 공간이라고만 생각했던 휴게소. 하지만 전북 김제에 위치한 김제휴게소는 생각보다 훨씬 특별한 매력을 가진 곳입니다.
새만금방향 김제휴게소
전주방향 김제휴게소
요즘은 단순히 쉬는 공간을 넘어, 일부러 들르고 싶은 ‘목적지형 휴게소’가 늘어나고 있는데, 휴게소에 전망대와 박물관까지 있다면 일부러라도 들르고 싶어지겠지요? 2025년 11월에 개통한 새만금전주고속도로 김제휴게소가 바로 그런 곳이랍니다.
새만금전주고속도로 김제휴게소
재생
2
좋아요
0
00:04

새만금전주고속도로 김제휴게소
드넓은 평야 풍경과 깔끔한 시설, 김제 지역 특색을 담은 먹거리까지 더해져 여행의 만족도를 높여주는 공간으로 떠오르는 김제휴게소를 소개합니다.
김제새만금방향휴게소 :
전북 김제시 하정로 93
김제전주방향휴게소 :
전북 김제시 백산면 하정2길 126
연중무휴 24시간 영업
GS25 있음
안내전화 : 0507-1456-1674
김제새만금방향휴게소 : 네이버
방문자리뷰 138 · 블로그리뷰 59
m.place.naver.com
저는 새만금 전주간 고속도로가 2025년 11월 개통한 지 얼마 안 됐을 때 전주방향 김제휴게소를 처음 들렀어요.
김제휴게소(전주방향) : 네이버
방문자리뷰 43 · 블로그리뷰 35
m.place.naver.com
전주 향하는 길에 내비가 안내한대로 가다 보니 새로 생긴 새만금전주고속도로를 달리게 되었고, 중간에 있는 김제휴게소를 만나게 되었어요.
그때도 새로 생긴 휴게소라 새로운 것들이 많구나~ 하고 신기해하며 봤더랍니다.
지역특산품코너엔 논산딸기모찌도 있고, 우도땅콩샌드와 당시 유행하던 두쫀쿠도 판매하더라고요.
전주방향 김제휴게소
재생
1
좋아요
0
00:12

전주방향 김제휴게소
그런데 2026년 5월 중순에 영광에 내려갈 일이 생겨서 이번엔 반대쪽에 있는 새만금방향 김제휴게소에 들렀다가 전망대와 박물관까지 있는 걸 보고 깜짝 놀랐어요.
전북여행하며 새만금전주고속도로 달리시게 되면 꼭 김제휴게소 들러보시라고 추천이유를 정리해 봤어요.
김제휴게소 추천 이유
1. 넓은 김제 평야와 백산저수지 풍경을 감상할 수 있는 전망형 휴게소와 박물관
2층 전망대에 올라가면 탁 트인 김제평야와 백산저수지 풍경을 감상하며 운전 중 답답했던 마음이 한 번에 시원해집니다. 새만금 방향에는 작은 청자박물관도 있고, 전망 특화 공간 ‘레이크씨드’가 조성 예정이랍니다.
새만금전주고속도로 김제휴게소 전망대
재생
1
좋아요
0
00:06

새만금전주고속도로 김제휴게소 전망대
2. 전북 먹거리와 김제 지역예술품 즐기기 좋은 휴게소
김제 대표 특산물인 쌀을 활용한 먹거리 개발과 간단한 간식부터 든든한 식사 메뉴까지 다양하게 준비되어 있으며, 김제 지역 공방에서 만든 예술품도 접할 수 있어 쉬어가기 좋습니다.
3. 깔끔하고 쾌적한 시설과 편안한 휴식 공간
장거리 운전자들을 위한 안마의자를 비롯해 실내놀이터, 화물차라운지, 편의점, 식당, 카페 등이 잘 마련되어 있어요. 화장실과 휴게 공간 관리가 잘 되어 있어 방문자들에게 만족도가 높은 편입니다.
4. 여행 중간 쉬어가기 좋은 위치
새만금과 전주를 연결하는 핵심 이동 동선이라 전주·부안·고창 방향 이동 중 들르기 좋아 전북 여행 코스와 함께 묶기 좋습니다.
5. 여유로운 분위기
차량 통행이 적은 편이고 새로 생긴 휴게소이다 보니, 비교적 복잡함이 덜해 편안하게 쉬었다 갈 수 있는 여유로움이 있습니다.
참! 5월 15일부터 6월 30일까지
2층 박물관 구경 뒤 인증샷 찍어서 부안청자박물관에 제출하면 입장료 무료, 청자만들기 체험 20% 할인 이벤트도 하고 있으니 꼭 올라가서 인증샷 찍으세요~
고속도로 휴게소는 잠시 지나치는 공간 같지만, 김제휴게소는 잠깐 쉬어가는 장소 이상의 추억과 여유를 주는 곳이었어요.
전북 여행길이나 장거리 드라이브 중이라면 잠시 김제휴게소에 차를 세우고 김제평야와 백산저수지 풍경과 함께 쉬어가 보세요. 생각보다 훨씬 기분 좋은 쉼을 만나게 되실 거예요.
새만금전주고속도로 김제휴게소 박물관
재생
1
좋아요
0
00:20

새만금전주고속도로 김제휴게소 박물관
100m
© NAVER Corp.
김제새만금방향휴게소
전북특별자치도 김제시 하정로 93
김제휴게소(전주방향)
전북특별자치도 김제시 백산면 하정2길 126
#김제휴게소 #전북휴게소 #새만금전주고속도로 #김제여행 #전북여행 #휴게소추천 #국내드라이브 #드라이브코스 #고속도로휴게소 #전북가볼만한곳 #김제가볼만한곳 #국내여행 #부안청자박물관 #청자박물관 #인증이벤트 #드라이브여행 #휴게소맛집 #장거리운전 #국내여행추천 #힐링여행 #풍경맛집 #쉼표여행",삶은 여행,blog.naver.com/foxbear2212,2026-05-21,,8.0,2.0,2026.5.21. 09:54 :: 비밀 댓글입니다. | 2026.5.21. 11:29 :: 비밀 댓글입니다.,2026-05-21 13:23:41.036289
naver_blog,논산딸기,논산딸기,dailysta9ram_224292003143,https://blog.naver.com/dailysta9ram/224292003143,논산훈련소 맛집 추천! 갓 가공한 신선한 고기를 즐기는 ‘논산딸기한우직판장’,"인생의 중요한 전환점이 되는
논산훈련소 입소식이나
고된 훈련을 마치고
가족들과 감격의 재회를
나누는 수료식 날에는
무엇보다 든든하고 맛있는
음식으로 몸과 마음을
채워야 하죠.
오늘은 훈련소 바로 근처에서
최고급 프리미엄 한우와
삼겹살을 가장 저렴하고
합리적인 가성비에
맛볼 수 있는 논산훈련소 맛집
논산딸기한우직판장을
소개해 드릴게요.
이곳은 신선함이 살아있는
고기를 직접 눈으로 보고
골라 구워 먹을 수 있는
정육식당 시스템으로
압도적인 고기 퀄리티와
가성비를 동시에
잡은 곳이랍니다.
50m
© NAVER Corp.
논산딸기한우직판장
충청남도 논산시 연무읍 연무로 186-1 논산딸기한우직판장
📍 매장 정보 및 안내
- 업체명: 논산딸기한우직판장
- 주소: 충남 논산시 연무읍
연무로 186-1
- 전화번호: 0507-1368-1611
- 영업시간: 08:00 - 20:00
(매주 일요일 정기휴무)
🍓 논산 딸기 사료로 키워낸
독보적인 프리미엄 한우
이곳의 한우가 유독 특별하고
깊은 풍미를 자랑하는
이유가 있습니다.
바로 논산의 대표 특산물인
딸기의 부산물을 이용해
특별한 사료를 직접 만들고
이를 먹여 정성껏 사육한
프리미엄 한우만을
취급하기 때문인데요.
이렇게 자란 한우를
매장에서 직접 육가공하여
팔기 때문에 유통 마진이
싹 빠진 것은 물론
마블링이 예술이고 씹을수록
특유의 고소함과 부드러운
감칠맛이 입안 가득 퍼집니다.
한우뿐만 아니라
육즙 가득한 한돈까지
준비되어 있어
논산훈련소 삼겹살 맛집을
찾으시는 분들에게도
최고의 선택지입니다
🐂 정육식당의 매력!
저렴하고 합리적인 가성비
논산훈련소 수료식이나
입소식 당일에는 주변
식당들이 붐비고 금액대가
부담스러워 고민하시는
분들이 많을 텐데요.
이곳은 논산훈련소 정육식당답게
정육점 공간에서 내가
원하는 부위의 신선한
고기를 합리적인 금액에
직접 구입할 수 있습니다.
선택한 고기는 매장
바로 옆에 깔끔하게 마련된
상차림 식당으로 이동해
즉시 불판에 구워 드실수
있는 원스톱 시스템이에요.
쾌적하고 넒은 공간에서
정갈하게 차려지는 밑반찬과
함께 갓 썰어낸 신선한
논산훈련소 소고기를
구워 먹으니 장병들도
부모님도 모두 좋아
할수밖에 없습니다.
시간이 생명인 군대에서
이거 꽤 중요한 부분이에요!
🐂 소중한 날을 위한 최고의 추천멘트
훈련소와 접근성이
매우 뛰어나 이동 동선이
아주 편리하고 아침 8시부터
영업을 시작하기 때문에
수료식 일정이 있는 날에도
시간 구애 없이 여유롭게
방문하기 딱 좋습니다.
고생한 우리 아들, 동생에게
세상에서 가장 건강하고
맛있는 고기를 마음껏
먹여주고 싶다면!
논산의 명물 딸기 사료로 키워
육즙부터 다른
논산딸기한우직판장에
꼭 들러보세요.
든든한 한 끼 식사로
잊지 못할 행복한 추억을
선물해 드릴 것입니다.
논산훈련소 맛집 추천!
갓 가공한 신선한 고기를
즐기는 ‘논산딸기한우직판장’",라단의 맛있는 일상,blog.naver.com/dailysta9ram,2026-05-21,,1.0,,,2026-05-21 13:24:02.120332
naver_blog,논산딸기,논산딸기,aryun8970_224292002445,https://blog.naver.com/aryun8970/224292002445,논산 빙수맛집 산지커피하우스 팥빙수 굿!,"여름하면 팥빙수가 최고죠~! #논산빙수맛집 #산지커피하우스 팥빙수 맛보기!
초여름 날씨가 조금씩 더워지던 날 논산읍에 있는 산지커피하우스 에 다녀왔습니다.
조용한 빌라촌 건물 관공서 앞 건물에 자리하고 있었는데 입구부터 다양한 차와 음료의 베너가 가는길에 발길을 잡겠어요. 다 마셔보고 싶은 충동!
카페 분위기는 다양한 테이블과 의자가 있어서 원하는 자리에 착석하시면 되구요. 높은 천장과 넓은 공간 덕분에 답답하지 않았고 곳곳에 놓여 있는 식물들과 우드톤 인테리어가 편안한 느낌을 만들어 주었습니다.
야외는 캠핑의자와 테이블로 시원한 날에는 야외테이블도 괜찮을듯요.
수제 팥으로 만든 팥빙수로 쵸이스!
다소 카운터는 어수선한 사진들과 종이 메뉴글이 논산읍이라는 걸 표현하는듯 느껴지게 되더라구요. 어르신들이 많이 오셔서 그렇게 크게 글씨로 쓰셨을까요? ㅋ
역시 논산 빙수맛집 답게 다양한 빙수가 손님들을 기다리고 있네요. 오시는 손님들 모두 빙고 주문은 필수! 생망고빙수 / 딸기빙수 / 과일빙수 / 팥빙수 등 양도 푸짐해요.
저는 오리지널 팥빙수를 가장 좋아해서 잠시 무더위를 식힐겸 논산 빙수맛집 산지커피하우스 들려 배불리 #팥빙수 로 먹었네요. 달지않고 부드럽고 시원하고 아몬드도 고소해서 좋았어요. 특히 팥도 직접 삶아서 만들어 준다니 믿을 수 있는 맛!
50m
© NAVER Corp.
산지커피하우스
충청남도 논산시 중앙로384번길 57 1층 산지커피하우스",아름다운 소식,blog.naver.com/aryun8970,2026-05-21,,6.0,,,2026-05-21 13:24:23.137870
naver_blog,논산딸기,논산딸기,verbena_jieun_224291986389,https://blog.naver.com/verbena_jieun/224291986389,"논산훈련소 맛집, 논산딸기한우직판장","50m
© NAVER Corp.
논산딸기한우직판장
충청남도 논산시 연무읍 연무로 186-1 논산딸기한우직판장
매주 일요일 정기휴무
08:00 ~20:00
충남 논산시 연무읍 연무로 186-1 논산딸기한우직판장
안녕하세요.
오늘은 논산훈련소 맛집 논산딸기한우직판장
소개를 해 드리려고 합니다.
논산훈련소 삼겸살 맛집
정육점에서 구매한고기는 매장 바로옆
상차림식당에서 바로드실수있답니다.
논산훈련소 수료식 할때 가족들과 마땅히
외식할 장소 찾으신다면
기력도 보충하고 몸 보신 할 수 있는
메뉴 육류를 추천 드려봅니다.
논산훈련소 근처라 입대전,
수료시 한우를 저렴하고 합리적인가격에
먹을수있다는 메리트가 있더라구요 ^ ^
논산 훈련소 맛집 논산 딸기한우직판장은
논산 지역 대표 농산물인 딸기 부산물을
이용한 사료를 만들고 사육하여 프리미엄 한우를
육가공 판매 하고 있어요.
질 좋은 고기를 합리적인 가격으로 즐길 수 있는
논산 딸기 한우 직판장 에서는 고유가 피해지원금
사용도 가능합니다.
논산딸기한우 한돈(암돼지)를 저렴히
구매후 상차림식당으로 가셔서 드실수 있는
논산딸기한우직판장 에서 모든 군인,훈련병
1 0%상시할인 (군복을 입고오시거나 공무원증 보여주시고
할인 받아보셔요.
#논산훈련소맛집
#논산훈련소소고기
#논산훈련소삼겸살 맛집
#논산훈련소
#수료식
#논산훈련소",버베나,blog.naver.com/verbena_jieun,2026-05-21,,0.0,,,2026-05-21 13:24:43.943929
naver_blog,논산딸기,논산딸기,gddd101_224291955207,https://blog.naver.com/gddd101/224291955207,5월 21일 소소한 이야기,"강아지도 잔소리를 알아 듣나봅니다
어제 우리번개가 아일랜드에 올려놓은
자신의 생일 초를 그높은곳을 점프해서
먹었습니다 ㅠ.ㅠ
검색해보니 아주 안좋을수있으니 꼭 지켜보라고 ..
너무 속상해 번개한테 계속 인상쓰며 혼내는데
전에는 빤히 쳐다보던 우리 번개가
처음으로 드러누워 딴곳을 처다보다 눈을 감네요
이런행동은 처음이라 웃어야할지 ....
화를 내고는 있는데 딴곳을보니 그래도 미소가 ~~
그래도 다행히 새벽 출근할때까지는 이상이 없었는데
오늘 퇴근할때까지 괜찮길 바래봅니다
우리 아들이 아일랜드에 절대 아무것도 올려놓지 마라고
잔소리아닌 잔소리를 하는데 제가 딴곳을 보고있네요 ㅎㅎㅎ
오늘도 오전까지 비가 온다고하니
출근길 우산은 꼭 챙기시고 좀 쌀쌀하니 가벼운 외투라도 ...
맛이 너무좋은 명품 제주 카라향
2키로 상품으로 11~12과 들어있는 상품
찐한 달달함이 너무좋네요
날이 더우니 꼭 냉장보관 필수상품입니다
명품 제주 카라향 2키로 12000원
건강두배 주황 대추방울토마토
맛도 좋은데 건강까지 두배로~~
2팩 묶음으로 판매합니다
주황 대추방울 2팩 8000원
포슬 포슬 하우스 햇감자~~~
이런날씨 딱이죠~~
2키로 묶음으로 판매합니다
포슬포슬 하우스 햇감자 2키로 8000원
마지막 금실딸기라고 하네요
겨울까지 참아야하는 맛좋은 금실딸기
달달하니 맛좋은 금실 바구니딸기
1키로상품으로 꼭 빠른픽업후 냉장보관 필수!!
금실 바구니딸기 1키로 8000원
퓨어스팩 블렉 오렌지~~
찐한 달달함이 일품인 명품오렌지~~
15개 묶음으로 판매합니다
퓨어스팩 블랙 오렌지 15개 12000원
당도선별 논산 수박연구회의 맛좋은 수박
고당도 수박으로 12.2브릭스 이상의 수박
7키로 상품으로 크기도 적당히 좋네요
제 예상으로 수박 가격이 오를거 같은 ...
포장 박스가 없습니다 꼭 바구니 꼭 챙겨오세요~~
당도선별 논산 하우스수박 7키로 18000원
경매장에서 제일 맛좋은 아이로 준비했습니다
달달함이 너무좋은 성주 꿀참외!!!
8~9개씩 묶음으로 판매합니다
성주 꿀참외 8~9개 9000원
제주 하우스 생 블루베리~~
달달함이 좋은데 건강에도 최고인
청정 제주 생 블루베리
3팩 묶음으로 판매합니다
청정제주 블루베리 3팩 11000원
대저 짭짤이 토마토
오리지널 부산 대저 토마토 준비했습니다
아마 마지막인듯 물량도 너무적네요~~
2.5키로로 로얄 사이즈 준비해습니다
대저 짭짭짤이 토마토 2.5키로 15000원
맛좋은 고당도 바나나
다달함이 좋은 맛난 바나나로 준비했습니다
스위티 마운틴 바나나 1봉 3000원",수과사 대장의 소소한 이야기,blog.naver.com/gddd101,2026-05-21,,3.0,5.0,,2026-05-21 13:25:04.864275
naver_blog,논산딸기,논산딸기,sayiworld_224291932035,https://blog.naver.com/sayiworld/224291932035,"논산육군훈련소 수료식, PX 하울 끼려봄","지난달에 입대한 막내가 벌써 수료식을 한다고 한다.
PX 쇼핑할 생각에 들떠서 아침부터 준비~
준비중에 방바닥에서 발견한 알비노st 무당벌레, 어케 들어온거니?;
엄빠가 대전으로 델러와서 나 픽업해서 바로 논산으로 출발했다!
자동차 유리창 앞에 수료식 초대장이 있어야 연무대에 들어갈 수 있다!
막내가 집으로 보낸 택배에 들어가 있었다고 함!
혹시 간첩들이 보고 위조해서 들어올까봐 사진첨부안함
11시반인가 시작이라 한시간 넘게 일찍 도착해서 넉넉히 왔다고 생각했지만 크나큰 오산이었다! PX 줄선거 보이나요,, 족히 오십명은 있었던거 같음;;
나보다 늦게 온 사람들도 경악하며 뒤로 줄줄이 줄섰음!
그래도 줄은 금방빠졌다!
PX tip) 1. 수료식 시작 한시간 전에는 와야한다 (1시간반전에는 오셔라)
2. 장바구니 필수
3. 계산줄에 장바구니 두고 사라져있는 사람들 많음
2인 이상 갔을때는 반절정도 보고 나머지 구역 (영양제, 식료품)은 계산줄에 한명 서있고 한명이 가져오는게 빠른 쇼핑을 위한 길!
엄마와 철저한 분업으로 무사 쇼핑 완료 후 연무관 널널하게 들어갔다.
엄마는 16마넌, 나는 14마넌 씀,, 아빠는 암것도 모르고 밖에 있다가 경악 엔딩
PX에서 산건 맨 밑에~
들어가기 전에 화장실 앞에서 세븐틴 우지 자만추함. 조교로 있었던거 같음.
마주쳤을때 넘 낯익어서 3초정도 뭐지 지인인가?, 학교 후배인가? 긴가민가하다가 생각났음.
키가 정말 작고 평범하게 생겨서 일반인 같았지만 엄청 하얗고 피부가 좋았던거 같았다.
연예인이라 맨앞에서 입장하는것 같다.
시간 맞춰 입장하는 29연대 국군장병들
입대할때 까까머리였던 빡빡이들이 꽤나 머리가 자란거 같았다.
내동생은 뒷편에 있었는데 뭔가 키 순인 것 같다.
얼굴들이 다들 아직 잼민티 안벗겨진 나이라 그런지 앳돼다.
제식도 나름 열심히 연습한거 같긴한데 뭔가 묘하게 삐걱대는 느낌.
(조교들이 요새는 폭행은 커녕 욕도 못한단다,, 그럼 어케 군기잡지??)
모든 엄마들이 홈마가 되어 카메라 줌인하고 뿌듯, 벅찬 표정이었다..
군가 부르고 훈련 과정 동영상 보고 이것저것하다보니 수료식 끝!
배고파서 얼른 나가고 싶은데 동기들끼리 사진찍어야한단다.
연무관 앞에서 가족끼리 사진도 찍었다.
애 잠깐이라도 편하게 누워 쉬게 한다고 펜션 잡아서 좋아하는 음식해먹이고 하는 사람들도 있다지만 우리집은 그런건 없다. 과일만 싸왔음!
훈련소에서 일하는 학교선배한테 추천받은 근처 로컬 맛집 가서 점심먹었다.
50m
© NAVER Corp.
유진짬뽕앤돈까스
충청남도 논산시 연무읍 안심로140번길 49
일요일 휴무
운영시간 11:15~20:00 (라스트오더19시) / 14:30~17:00 브레이크
앞에 공터랑 가게 입구 앞에 주차 가능
<유진짬뽕앤돈까스>
점심시간이라 웨이팅했다. 테이블링 걸어놓고 앞에서 기다렸다.
얼마 안있다가 바로 입장!
현지사람들도 밥먹으러 많이 오는것 같았다. (군인빠박이는 한명도못봄)
넷이라 돈까스 세개랑 짬뽕칼국수 두개 시켰다. 테이블 오더 키오스크 있음.
짬뽕칼국수 12,000원 X2
유진돈까스 10,500원
로스까스 10,500원
치즈까스 12,500원
짬뽕도 깔끔,얼큰하고 해물도 많아서 맛있었는데 돈까스가 돌았음~~
아 또먹고 싶네,, 배터지게 먹었는데도 조금 남았다!
논산 카페에 뭔가 사람들 많을거같아서 아예 차타고 부여로 가기로 함.
50m
© NAVER Corp.
구름한조각
충청남도 부여군 부여읍 중앙로13번길 23-1 구름한조각
일요일, 월요일 휴무
운영시간 12:00~18:00 (라스트오더17시)
<구름한조각>
엄마가 맛있는 디저트종류 먹고 싶다고 해서 검색해서 와봤다.
시장안에 있어서 주차하기 힘들었는데 아빠가 근처 공터주차장에 대고 왔다.
케익이랑 구움과자 종류가 많았다.
인테리어도 아기자기 귀여웠음!
음료 종류도 많았다! 뜨아랑 딸기우유, 코코말차, 말차딸기라떼 시켜먹었다.
커피 포함 음료 다 맛있었음!
아빠가 밥사서 카페는 내가 샀다. 근데 밥값만큼 나옴! 쌰갈~!
내가 시킨 코코말차. 스벅에서 팔던거보다 오만배 맛있음!
휴대폰하느라 정신없는 빠박이
저 두바이 플랑?인가 타르트인가 그건 그저 그랬고 레드키위딸기케익이랑 망고케익은 맛있었다. 망고케익 1등! 망고자체도 당도최고!
나오는길에 만난 떼깔좋아보이는 길냥,, 누가 밥챙겨주는지 통통하다.
날이 좀 흐린데 저기가 따뜻한지 늘어져있다.
만져도 가만히 있음ㅠ 기여워ㅠ
논산 탑정호 가서 빙수하나 더 때릴까하다가 시간 애매해서 탑정호 드라이브만 하고 내려와서 다시 복귀했다.
피엑스가서 동생카드로 몇개 더 사고 동생 들여보내고 집감!
(국군사랑카드로 사면 동생한테 뭐 적립된다고 했나.. 잘모르겟음!)
네시반까지 복귀인데 저녁약속있어서 일찍 갔다. 네시쯤?
복귀 시간 딱 맞춰서 하면 엄청 막히니까 일찍 들어오는거 추천!
포옹까지?? 참나~ 얼른 가자구~
PX에서 산거 구경할래??
가격은 영수증 버려서 몰루, 근데 쿠팡가 보다 30~50프로 정도 싼듯
일단 식재료는 얼마 안삼! 바질페스토랑 고형카레 샀음
과자도 많고 올리브유, 조미료, 향신료, 개별포장 된 레몬즙 등등 수도 없이 많고 음료, 냉동식품 엄청 엄청 많음!
홍삼이나 건기식, 영양제도 꽤있었으나 집에 아직 있어서 칼마디랑 프로폴리스만 사왔음!
클렌징폼은 메이크프렘 약산성 클폼 (아침세안용)이랑 셀퓨전씨꺼 사봤다.
아비브꺼 큰거 살까했는데 셀퓨전씨저게 선크림지우는용인것처럼 써있어서 궁금해서 사봄. 썬크림만 바른날 저거만으로 과연 잘 지워질 것인가?!
계산줄에서 보니까 아줌마들이 조선미녀 선크림 수십개씩 쟁이더라.. 되팔이하나? 싶을만큼 많이삼. 난 선크림 예민인간 (라섹 후 눈시림 이슈)이라 선크림은 패스!
한때 유튜브에서 청담샵템이라고 많이 봤던 온그리디언츠 화잘먹로션있길래 샀는데 두개나 들어있었다. 개이득! 하나 여동생줌.
남친 줄 아비브 부활초 아이크림도 사고 원래 안떨어지게 쟁여두는 코스알엑스 스킨부스터세럼도 샀다. 올영세일가보다 쌈..; 입대하고 싶어짐
수분크림은 그냥 여름용 가벼운 종류들 사봤다. 리얼베리어랑 에스네이처, 셀퓨전씨, VT리들샷, 아이소이 장수진 샀음. 스킨푸드 감자패드도 있길래 쟁임.
생활용품쪽에서는 남친 메리야스 두장이랑 (바로 빨래돌려서 사진없음) 치약, 남친 근무화 깔창 샀다. 세제 거의 다써가서 세제도 쟁였다.
집에서 콜게이트써서 콜게이트살까하다가 남친 치석보이라 치석치약샀는데 동생이 불소함유량이 어쩌구 이러면서 쿠사리 줬다.. 담에 콜게이트 사와야지.
여기서 일하는 선배가 직원들 사이에서 밀카(딸기)초콜릿이 인기라고 알려줘서 동생카드로 하나 샀다.
엄마도 치약, 칫솔, 탈모샴푸, 기미크림, 기초화장품, 먹을거리 잔뜩 샀다.
알찬 쇼핑이었다! 이정도 할인율이면 14만원 썼지만 돈번거나 다름없다!
라는 정신승리~ 동생이 말뚝박았으면 좋겠다~ 히히키키
동생은 운전병이라 야수교1?로 갔다던데 1,2,3 중에 시설 제일 꾸지다고 하면서 투덜댔음. 부대배치는 밥먹고 카페가서 확인했다. 두시좀 안돼서 나온듯?
홍천에 가있다는데 무소식이 희소식이겠지~ 수고수고~",웰컴 투 사이월드,blog.naver.com/sayiworld,2026-05-21,,4.0,,,2026-05-21 13:25:26.217852
naver_blog,논산딸기,논산딸기,1105sg_224291901472,https://blog.naver.com/1105sg/224291901472,고소한흑미누룽지감자와 한수경,"안녕하세요 저의 고소한 흑미누룽지감자를 소개합니다ㅠㅠ
새까만 거
재생
7
00:08

새까만 거
바둑에 빠져서 승부 빙의 잠깐 했어요
처참하게 잃어가는 내 돌들을 보면서
사실은 알까기였지롱 ㅠㅠ~ 시전햇네요
귀여운 코스터에 말차 한 방울 흘ㄹ렷슨
우리집 감자 특
포장 육회비빔밥에 육회가 없어도 그냥 먹는다 함
무던한 감자 설득해서 결국 육회 받으러 갓다
더워지는데 더 입맛이 돌아요
밧밧 신메뉴 애플망고빙수
망고도 쥰맛인데 우유얼음이 개미쳣음
근데 빙수기가 완즈이 제멋대로라
내가 갈리는 건지 얼음이 갈리는 건지 도통 모르겟음
논산딸기
재생
2
00:12

논산딸기
논산딸기차…
호다닥 뛰어가서 사올까 하다 말았는데
승효가 일 끝나고 돌아오는 길에
🍓모찌 조공을 해줬따
…. 독심술산가?
야르
사장님께서 망고를 주셧다
살면서 먹어본 망고 중에
젤 마싯섯다
고소한흑미누룽지감자와 한수경 (2)
재생
3
00:11

고소한흑미누룽지감자와 한수경 (2)
기여워서 두개골 으깨고싶음
부계정에 싱효 사진 모아올리기에 빠졋어요
시리즈는 계속 됨",⠀,blog.naver.com/1105sg,2026-05-21,,,,,2026-05-21 13:25:48.098782
naver_blog,논산딸기,논산딸기,wwee84_224291773875,https://blog.naver.com/wwee84/224291773875,논산훈련소 정육식당 / 논산딸기한우직판장 / 한우새우살,"#논산훈련소 맛집 #논산훈련소 소고기 #논산훈련소 삼겸살 맛집 #논산훈련소 수료식 #논산훈련소 정육식당
50m
© NAVER Corp.
논산딸기한우직판장
충청남도 논산시 연무읍 연무로 186-1 논산딸기한우직판장
오늘은 조카 군입대를 앞두고 논산 훈련소 방문을 하기전 든든하게 먹기위해 논산딸기한우직판장에 다녀온걸 포스팅 하려고 한다.
논산훈련소 정육식당 논산딸기한우직판장의 영업시간은 8시에서 20시까지 운영을 하며 논산딸기 한우, 한돈(암돼지)를 저렴히 구매하고 상차림식당으로 가서 저렴하게 먹을수 있다고 한다. 모든 군인, 훈련병 10% 상시 할인이라고 한다. 군복을 입거나 공무원증을 보여주시면 된다고 한다.
논산훈련소 정육식당 논산딸기한우직판장은 논산딸기한우로 선불카드 충전시 5% 추가할인이 가능하다고 한다.
논산훈련소 정육식당 논산딸기한우직판장은 원하시는 두께로 고기를 썰어주신다고 한다.
논산훈련소 정육식당 논산딸기한우직판장는 직접 사장님이 정육을 하시는데 딸기 부사물을 활용해 직접 만든 사료로 한우를 사육하고 정성껏 키워낸 프리미엄 한우를 직접 육가공해서 판매하기 때문에 고기의 신선도와 풍미가 다르다고 한다.
논산훈련소 정육식당 논산딸기한우직판장 / 한우새우살
논산훈련소 정육식당 논산딸기한우직판장에서 한우새우살을 골랐고 직판장답게 가격도 저렴했다. 논산딸기한우직판장에서 맛있는 한우와 신선한 딸기까지 함께 즐기며 정말 만족스러운 시간을 보냈디. 직판장이라 가격 부담은 줄이고 품질은 높여 가족 외식이나 모임 장소로도 딱 좋은것 같다.직접 고른 한우의 신선함은 물론이고 직원분들도 친절해서 기분 좋게 식사할 수 있었다. 논산에 방문하신다면 한 번쯤 꼭 들러보시길 추천드린다. 맛과 가성비, 만족감까지 모두 챙긴 논산딸기한우직판장 후기였습니다 ❤️",썬썬 매일매일 행복하게..♡,blog.naver.com/wwee84,2026-05-20,,8.0,2.0,"2026.5.20. 22:42 :: 썬썬님 안녕하세요^^
저 혹시 괜찮으시다면
제가 블로그 조회수 품앗이방을
운영중인데 소통 함께 하실래요??
심플하게
아침, 저녁 두번 방문해서
공감만 눌러주고 인당 조회수+2 씩
아침에 참여하면 조회수 150이상
저녁에 참여하면 조회수 100이상 가능한데
함께해요💋
https://open.kakao.com/o/g5PJHTni | 2026.5.20. 22:50 :: 조카분 입대 전 맛있는 한우로 든든하게 드셨다니 보기 좋네요. 훈련 잘 마치시길 바랍니다.",2026-05-21 13:26:08.933203
naver_blog,논산딸기,논산딸기,mosessuk_224291714192,https://blog.naver.com/mosessuk/224291714192,동토 윤순거를 배우다,"동토 윤순거를 배우다
-충남 논산 ‘동토의 사색의 길’을 다녀와서-
석 광 훈
지난 주간에 고대高大스피치학우회學友會 동창同窓들과 충남忠南 논산論山에 다녀왔다. 논산論山하면 ‘훈련소’, ‘딸기하면 논산’이 떠오르지만, 이번 기회에 논산이 조선 중기에 형성된 유교 기호학파畿湖學派의 성지임을 알게 되었다. 기호학파는 16세기 중엽 이후 율곡 이이李珥를 종장宗匠으로 모시고 경기도·충청도기호畿湖지방을 중심으로 형성된 조선의 대표적인 성리학性理學 학파이다. 조선 후기 정권을 잡은 서인西人의 학문적 뿌리이기도 하다. 예학禮學의 대가인 김장생金長生에 의해 예학이 정비되면서 실천적인 성격을 강화했고, 문묘文廟에 종사從祀된 18현賢 중 다수가 이 학파 출신이다. 필자는 이번 여행에서 논산이 유교문화儒敎文化를 현대적으로 계승하고 세계화하는 한국 유교 문화의 성지聖地임을 종학당宗學堂과 돈암서원遯巖書院, 명재고택明齋古宅, K-유교를 지향하는 한국유교문화진흥원 방문을 통하여 확인할 수 있었다.
윤순거(尹舜擧, 1596년 ~ 1668년)는 1660년(현종 1년) 영월군수로 부임하여, 유배되어 사망한 단종의 묘(당시에는 노산군 묘였음)를 '노릉魯陵'이라 부르며 단종의 넋을 기리고 기록을 남겼다. 그는 엄흥도(嚴興道, 1404~1474)가 시신을 몰래 거두어 장사지낸 사실 등을 정리한 기록물인 『노릉지魯陵誌』를 편찬하여 단종 복위의 토대를 마련하였고, 1698년(숙종 24년) 노산군의 묘호가 단종으로 복위되어 묘가 장릉莊陵으로 승격되는 역사적 근거가 되었다. 훗날 2009년, 장릉은 세계문화유산으로 지정되었다. 윤순거는 김장생에게 예학을 배우고 성혼의 외손으로서 정통 사림士林의 학맥을 이었다. 그에게 단종의 복위는 단순한 정치적 사건이 아니라, 유교적 도덕 가치인 '군신君臣 간의 의리義理'를 바로 세우는 일이었다. 그는 세조의 찬탈을 부정한 행위로 보고 비극적으로 생을 마감한 단종의 명예를 회복하는 것을 지식인의 사명으로 여겼다. 왕실의 금기를 건드리는 위험한 작업이었음에도 불구하고, 역사적 진실과 대의명분을 우선시하는 선비의 절개를 보여주었다. 그는 권력에 굴하지 않는 선비의 지조를 지녔고 역사적 정의를 바로잡으려는 실천적 유학자였다.
윤순거는 1643년 노종파魯宗派 윤씨 문중 교육기관인 종학당을 설립했다. 문중의 자제와 내외척, 처가 자제들이 모여 합숙 교육을 받던 곳이다. 동토童土는 윤순거의 호號로 어린 아이‘동童’의 흙‘토土’라는 뜻으로, ‘아이들을 가르치고 배움을 닦는 겸손한 학자’라는 뜻을 담고 있다. 또한 어려운 이웃을 돕기 위해 ‘의창義倉’을 설립하여 공동체에 대한 책임을 감당했다.
새벽녘에, 나는 홀로 동토 사색의 길을 걸었다. 윤순거의 철학과 삶을 오롯이 담아 걷고 싶었다. 조선 후기의 문신文臣이자 학자學者로, 혼란의 시대 속에서 ‘수기치인修己治人’의 철학을 몸소 실천했던 윤순거를 만나고 싶었다. 자기 성찰과 공동체를 위한 책임의 가치를 되새기고 싶었다. 들려오는 바람 소리와 흙냄새를 맡고 길을 걷으며, 자연이 주는 위안과 철학적 깨달음을 얻으려 하였다. 길의 끝자락에 마주하는 병사저수지의 물결과 하늘에 맞닿은 장면은 인간이 자연의 일부임을 일깨워주었다.
나는 저수지의 물보라와 노니는 새들을 향해 외쳤다.
영화 ‘왕과 함께 사는 남자’를 만드신 분과 이 영화를 보신 분들!
동토 윤순거 선생에게 고맙다고 하세요.
동토 윤순거 선생처럼. 자기 성찰을 하며 공동체를 위한 책임의식을 갖고 사시오.
이 말은 나를 향한 외침이었다.
(2026년 5월 11일 쓰다)",숨은 진주의 세상,blog.naver.com/mosessuk,2026-05-20,,0.0,,,2026-05-21 13:26:29.889255
naver_blog,논산딸기,논산딸기,choys0130_224291703717,https://blog.naver.com/choys0130/224291703717,🍓 [농장일지] 현직 딸기 농부가 말하는 장점과 단점 (ft. 영양제와 무농약의 불편한 진실),"""귀농 환상 와장창 깨드립니다! 끝없는 노동과 시설비 폭탄, 그리고 팩트폭행 (ft. 딸기연구소)""
💡 [딸기연구소] 오늘의 핵심 요약 (Key Takeaways)
유일무이한 장점: 1. 딸기를 원 없이 먹는다. 2. 딸기를 진짜 원 없이 먹는다. 3. 갓 딴 최고의 딸기를 배 터지게 먹는다.
단점 1 (노동 지옥): 끝이 없는 노동의 굴레. '꽃 솎음'부터 시작되는 수작업은 말 그대로 사람의 뼈를 갈아 넣는 과정입니다.
단점 2 (비용 폭탄): 억 소리 나는 하우스 시설비. 자가 수리 능력이 없다면 유지보수 비용으로 돈이 줄줄 샙니다.
단점 3 (자연재해 & 팩트폭행): 침수 한 번에 1년 농사가 날아가며, '무농약/영양제만 준다'는 마케팅 뒤에 숨겨진 농약의 진짜 개념과 현실을 밝힙니다.
Next image
""딸기 농사 장단점 귀농 귀촌 현실 비닐하우스 농장일지 무농약 진실""
안녕하세요! 🍓 대한민국 딸기의 심장 논산에서 매일 딸기와 씨름하며 흙내음 가득한 생생한 현장 소식을 전해드리는 '딸기연구소'의 딸기연구원입니다.
최근 30년 가까이 된 낡은 토경 하우스를 직접 철거하느라 연일 작업복이 땀과 흙으로 범벅이 되어 살고 있습니다. 파이프를 뜯고 엉킨 점적호스를 걷어내며 몸이 부서질 것 같은 하루하루를 보내다 보니, 문득 귀농을 꿈꾸시는 분들이나 소비자분들께 농업의 '진짜 현실'을 가감 없이 들려드리고 싶어졌습니다.
아름다운 전원생활? 낭만적인 농장? 오늘 [농장일지]에서는 포장지 싹 걷어내고, 현직 농부의 뼈 때리는 '딸기 농사의 장점과 단점'을 아주 솔직하고 매콤하게 적어보겠습니다.
🍓 1. 딸기 농사의 장점: 설명이 필요 없는 '원 툴(One Tool)'
자, 먼저 장점부터 시원하게 말씀드리겠습니다. 딸기 농사의 장점은 딱 세 가지입니다.
첫째, 딸기를 원 없이 먹을 수 있습니다. 둘째, 진짜 원 없이 배 터지게 먹을 수 있습니다. 셋째, 갓 수확한 세상에서 제일 맛있는 딸기를 숨 쉬듯 먹을 수 있습니다.
농담 같지만 이게 전부이자, 이 직업의 가장 강력하고 확실한 장점입니다. 새벽에 농장에 나가서 이슬을 머금고 새빨갛게 익은 가장 큰 특품 딸기를 톡 따서 한 입 베어 물 때의 그 달콤함! 마트 진열장에서 며칠 지난 딸기와는 비교조차 할 수 없는 압도적인 풍미를 1년 내내 누릴 수 있다는 것. 이 달콤한 특권 하나가 농부들을 버티게 하는 원동력입니다.
""딸기 수확 특품 딸기 농사 장점 귀농 생활 논산 딸기""
💣 2. 딸기 농사의 단점 (1): ""일이 너무 많아... 지옥의 뫼비우스 띠""
달콤한 장점은 저게 끝입니다. 이제부터 매운맛 단점 시작합니다. 가장 큰 단점은 '일이 정말 미치도록 많다'는 겁니다. 농사는 씨 뿌리면 알아서 자라는 줄 아시는 분들이 많지만, 딸기는 말 그대로 농부의 발소리를 듣고 자라는 아주 예민한 작물입니다.
그중에서도 최악의 수작업은 단연 '꽃 솎음(적화)'입니다. 딸기가 크고 실하게 열리게 하려면 가지에 달린 자잘한 꽃들을 일일이 손으로 뜯어내야 합니다. 수만, 수십만 개의 꽃을 허리 한 번 제대로 못 펴고 하루 종일 솎아내고 돌아서면, 또 다른 곳에서 꽃이 피어 있습니다. 끝이 없습니다. 런너 자르기, 잎 작업, 수확, 포장까지... 쉴 틈 없이 쏟아지는 노동 강도는 상상을 초월합니다.
💸 3. 딸기 농사의 단점 (2): ""억 소리 나는 시설비와 자가 수리의 늪""
귀농을 만만하게 보면 안 되는 가장 큰 이유, 바로 '돈'입니다. 딸기는 비닐하우스라는 거대한 온실 속에서 자랍니다. 그런데 이 하우스 시설이라는 게 지을 때만 돈이 드는 게 아닙니다. 모터가 고장 나고, 개폐기가 멈추고, 비닐이 찢어지고... 끊임없이 돈 달라고 아우성을 칩니다.
설비 업자를 부르면 출장비부터 수리비까지 그야말로 '부르는 게 값'입니다. 돈이 억 소리 나게 훅훅 빠져나갑니다. 그래서 결국 농부는 반강제적으로 맥가이버가 되어야 합니다. 지금 제가 30년 된 하우스를 비용 절감하겠다고 매일 땀 뻘뻘 흘리며 직접 철거하고 있는 것처럼, 파이프 용접부터 전기 배선, 호스 연결까지 자가 수리를 하지 못하면 농장 유지가 불가능에 가깝습니다.
""비닐하우스 시공 철거 비용 하우스 자가 수리 농업 현실""
🌊 4. 딸기 농사의 단점 (3): ""자연재해 앞에서는 쌍욕만 나온다
Next image
24년 9월 모심고 비가왔을때
""
농부는 하늘과 동업한다는 말이 있죠. 폭설, 태풍, 그리고 폭우. 기상청 예보에 매일 밤잠을 설칩니다. 특히 '물 찰 때 (침수)'는 정말 농부 입에서 험한 말이 절로 터져 나옵니다. 1년 내내 허리 휘어지게 키워놓은 딸기밭에 물이 차오르는 걸 보고 있으면 멘탈이 바사삭 부서집니다. 인간의 힘으로 어찌할 수 없는 대자연의 변덕 앞에서 느끼는 무력감은 농사를 지어보지 않은 사람은 절대 알 수 없는 뼈아픈 단점입니다.
⚠️ 5. 소비자를 위한 팩트폭행: 무농약과 영양제의 불편한 진실
마지막으로, 농장일지를 빌려 많은 분이 오해하시는 부분을 하나 짚고 넘어가려 합니다. 간혹 시장이나 온라인에서 ""우리 집은 농약 절대 안 치고 영양제만 줍니다!""라고 광고하는 것을 보신 적 있을 겁니다.
현직 농부로서 팩트폭행 들어갑니다. 영양제도 결국 아주 큰 틀에서는 '농약'의 범주 안에 포함되는 화학적/생물학적 자재입니다. 병해충이 한 번 돌기 시작하면 밭 전체가 며칠 만에 초토화되는 게 농사입니다. 약(방제)을 아예 안 하고 대규모 상업 농사를 짓는 곳은 현실적으로 존재하기 어렵습니다.
중요한 것은 '무조건 약을 안 친다'는 비현실적인 마케팅이 아니라, ""국가에서 허가한 안전한 약제를, 정해진 용량과 수확기 안전 기준(잔류농약 검사)을 철저하게 준수하여 올바르게 사용하고 있는가""입니다. 저희 딸기연구소 역시 내 가족이 먹는다는 생각으로, 가장 안전하고 정직한 방식으로 생명을 길러내고 있습니다.
""딸기 농약 무농약 진실 잔류농약 검사 바른 먹거리 농장일지""
🌟 마무리하며 — 그럼에도 불구하고 딸기를 심는 이유
육체적으로 뼈가 삭고, 시설비로 돈이 깨지고, 자연재해에 가슴을 치면서도 제가 다시 부서진 30년 된 하우스를 걷어내고 새 하우스를 짓는 이유가 뭘까요?
단순히 첫 번째 장점인 '원 없이 먹기 위해서'만은 아닙니다. 내 손으로 키워낸 생명이 꽃을 피우고 붉은 보석 같은 열매를 맺어, 누군가의 입으로 들어가 행복한 미소를 만들어낸다는 그 엄청난 보람 때문입니다.
오늘의 매운맛 농장일지가 귀농을 꿈꾸는 분들에게는 현실적인 예방주사가, 소비자분들에게는 농산물의 가치를 다시 한번 생각해보는 계기가 되었길 바랍니다. 흙먼지 날리는 하우스 철거 현장으로 다시 돌아가야겠습니다. '딸기연구소'를 이웃 추가하시고, 땀내 나는 농장일지와 날카로운 시장 분석을 계속 지켜봐 주세요!",딸기연구소,blog.naver.com/choys0130,2026-05-20,,3.0,1.0,2026.5.20. 21:41 :: 빗소리를 들으며 하루를 천천히 마무리하는 밤 되세요. 오늘도 애쓰셨습니다.,2026-05-21 13:26:50.893756
naver_blog,논산딸기,논산딸기,hj0301__224291656153,https://blog.naver.com/hj0301_/224291656153,논산 베이커리카페 핫플 빵순이 저격 감동제빵소 베이커리 맛집 대전 성심당 급,"안녕하세요 여러분! 빵에 진심인 프로 빵돌이/빵순이들을 위해 오늘은 진짜 대박적인 논산 베이커리 맛집을 들고 왔어요. 요즘 인스타에서 핫하게 떠오르고 있는 논산 감동제빵소에 드디어 다녀왔답니다! 심지어 어버이날 기념 으로 부모님이랑 다녀온건데 어른들 입맛도 저격이예요
감동제빵소
*주소: 충남 논산시 중앙로384번길 35-3 . 1층
*영업시간: 매일 08:00 - 21:00
좋은 쌀가루와 천연발효종을 사용하여 쫄깃하면서 소화가 잘되는 건강빵 전문점
논산에 이런 감성 넘치는 빵집이 있었다고? 싶을 정도로 외관부터 내부 그리고 빵 라인업까지 완전 취향 저격 제대로 당하고 왔는데요..! 빵지순례 필수 코스로 급부상 중인 이곳 지금부터 구석구석 아주 생생하게 소개해 드릴게요. 스크롤 고정! 👇
먼저 멀리서부터 시선을 사로잡는 감동제빵소의 외관이에요. 모던하면서도 따뜻한 우드톤 앤 화이트 감성이 뿜뿜 뿜어져 나오더라고요. 입구에서부터 인스타 업로드용 인증샷 한 장 박고 시작해야 하는 비주얼 이자나영
통창 너머로 흘러나오는 은은한 조명 덕분에 들어가기 전부터 설렘 지수 폭발이었어요.! 빵라인업과 메뉴도 문밖에서 볼수 있어영
문을 열고 들어가자마자 고소한 버터 향이 온몸을 감싸는데진심 행복해서 기절할 뻔했잖아요... 탄성이 절로 나오는 내부는 생각보다 엄청 넓고 쾌적했어요! 전체적으로 깔끔한 인테리어에 곳곳에 배치된 초록초록한 식물들(플랜테리어) 덕분에 막 찍어도 사진이 너무 잘 나와융
테이블 간격도 넓어서 친구랑 와서 수다 떨거나 연인끼리 데이트하러 오기에도 딱 좋은 아늑한 분위기예요. 힙한 카페 감성 투어 좋아하는 분들이라면 무조건 만족할 만한 공간이랍니다 베이커리 맛집 답게 손님분들도 많이 오세여
베이커리존
이제 본격적으로 심장 뛰는 시간! 감동제빵소의 하이라이트인 베이커리존으로 갔어영
진열대에 정갈하게 놓인 빵들을 보는데 비주얼이 진짜 미쳤자나융 베이커리맛집 그자체..!!!
갓 구워져 나와 노릇노릇한 색감에 윤기가 자르르 흐르는 비주얼이 지갑을 통째로 열게 만들더라고요. 쇼케이스 가득 채워진 빵 종류가 정말 다양해서 빵순이 눈 돌아가는 소리 여기까지 들리시나요?
케이크들은 비주얼부터 인스타 피드 박제 감성이에요. 동물성 생크림을 아낌없이 사용했는지 크림 자체가 엄청 고급스럽고 부드러워 보이더라고요. 싱싱한 제철 과일이 쏟아질 듯이 올라간 과일 생크림 케이크부터, 꾸덕함의 극치를 달리는 초코 케이크, 그리고 입안에서 살살 녹는 치즈 케이크까지 종류가 정말 다양해요..! 성심당 저리가라 딸기초코 케이크 까지 완벽해여 논산 성심당 분위기쥬
조각 케이크로 부담 없이 즐길 수 있어서 카페 내부에서 커피 한 잔이랑 곁들이기 딱 좋습니다. 특별한 날을 위한 홀케이크도 예약받고 있다고 하니 논산에서 기념일 챙길 분들은 여기서 비주얼과 맛 모두 챙겨보시는 걸 추천해요!
그리고 한쪽에 정갈하게 준비된 신선한 샐러드 있어서 넘 죠아요..!촉촉한 감동란 있어서신선한 샐러드의 단백질 토핑으로 톡톡한 역할을 해내고 있자나여
빵전체적으로 재료를 아끼지 않고 팍팍 넣은 게 눈으로도 보이니까 이것도 담고 싶구 저것도 담고 싶고... 진심으로 지갑 단속 잘하셔야 합니다!
위생적으로 깔끔하게 관리되고 있는 점도 너무 마음에 들었고, 빵 이름과 설명이 친절하게 적혀 있어서 고르는 재미가 쏠쏠했어요. 시그니처 메뉴부터 트렌디한 인스타 감성 빵까지 라인업이 화려해서 한참을 고민하다가, 가장 핫하다는 베스트 메뉴 3종을 픽해왔습니다!
오늘의 주인공들을 소개합니다. 감동제빵소에 가면 무조건 트레이에 담아야 하는 필수 메뉴 3가지를 먹어봤어요! 하나씩 솔직하게 맛 평가해 드릴게요..!
무화과 깜빠뉴
6,300원
감동제소 인기메뉴 무화과가 가득 들어 있는 깜빠뉴
소금빵
2,000원
짭조름하면서 뒤이어 따라오는 고소한 맛 덕분에 인기리에 판매되는 소금빵
감동란고로케
3,500원
감동란이 들어가 겉은 노릇노릇 바삭하고 속은 촉촉 그 자채라 자꾸만 먹고 싶은 고로케
감동란고로케
겉바속촉의 끝판왕 촉촉한 감동란이 통째로 들어간 반전 매력 이구영 비주얼부터 노릇노릇하고 바삭하게 튀겨진 게 맛이 없을 수가 없쥬
반을 딱 갈라보니까 왜 이름이 감동란고로케인지 바로 납득 완료 자나융 겉은 파삭파삭한 식감이 제대로 살아있는데 속은 부드럽고 촉촉한 감동란 샐러드가 꽉 차 있어서 퍽퍽함 없이 부드럽고 짭조름하면서도 크리미하고 고소한 맛이 자꾸만 손이 가게 만드는 중독성 갑
든든해서 간식이나 간단한 식사 대용으로도 너무 좋을 것 같아요. 완전 취향 저격 제대로 당하자나융
소금빵
2,000원이라는 혜자스러운 가격에 판매 중이더라고요? 가격이 착하고 퀄리티 죠아요
겉은 살짝 파삭- 하면서 속은 버터 동굴이 제대로 뚫려 있어서 엄청 촉촉하고 부드러워요.! 윗면에 콕콕 박힌 소금의 짭조름함이 혀끝을 딱 치고 나면, 뒤이어 고소하고 묵직한 버터 향이 입안 가득 샥- 감싸 안아주는데... 진심 겉바속촉의 정석입니다. 1인 3소금빵 쌉가능인 맛이에요. 가성비와 맛을 모두 잡은 대박 메뉴!
무화과 깜빠뉴
감동제빵소의 독보적 인기 메뉴! 무화과가 빵 속 가득~
개인적으로 하드 계열 빵을 너무 좋아해서 가장 기대했던 무화과 깜빠뉴예요. 6,300원이라는 가격이 전혀 아깝지 않을 만큼 묵직한 크기를 자랑해여
칼로 자르는 순간 단면을 보고 소리 지를 뻔했잖아요. 꿀에 절여진 쫀득한 무화과가 진짜 빈틈없이 꽉 가득 차 있어요!
겉은 씹을수록 구수하고 바삭한데, 속은 촉촉하고 쫄깃함 그 자체... 씹을 때마다 무화과 씨가 톡톡 터지면서 달콤함이 입안 가득 퍼지는데, 담백한 깜빠뉴 빵이랑 조화가 미쵸여 이건 아메리카노랑 먹으면 끝도 없이 들어가는 마성의 맛
50m
© NAVER Corp.
감동제빵소
충청남도 논산시 중앙로384번길 35-3 . 1층
감동제빵소
재생
0
00:06

접기/펴기
감동제빵소
논산에 이렇게 감성 넘치고 빵 맛까지 완벽한 곳이 있었다니, 왜 이제야 알았나 싶을 정도로 대만족하고 온 감동제빵소였어요. 빵 하나하나 재료를 아끼지 않은 게 느껴져서 먹는 내내 정말 감동
주말에 부모님 이나 친구랑 드라이브 겸 힐링하러 가거나 연인이랑 달달한 디테이트 코스 찾으시는 분들께 강력 추천해 드려요! 빵 나오는 시간 맞춰서 가면 더 따끈하고 맛있는 빵을 겟할 수 있으니 참고하셔용
저는 조만간 깜빠뉴랑 소금빵 쟁이러 재방문할 예정이에요! 다들 이번 주말에는 논산 감동제빵소에서 맛있는 빵 가득 충전하고 행복한 시간 보내시는 건 어떨까요?
솔직 후기였습니다. 다음에도 더 핫하고 맛있는 플레이스 정보로 찾아올게요. 안녕! 🤍
50m
© NAVER Corp.
감동제빵소
충청남도 논산시 중앙로384번길 35-3 . 1층
#논산맛집 #논산카페 #논산베이커리 #논산감동제빵소 #감동제빵소 #논산핫플 #논산데이트 #논산가볼만한곳 #논산빵집 #빵지순례 #소금빵맛집 #무화과깜빠뉴 #감동란고로케 #베이커리카페 #대전근교드라이브 #논산카페추천","먹스타 주인장블로그 (맛집,여행)",blog.naver.com/hj0301_,2026-05-20,,,,,2026-05-21 13:27:10.466807
naver_blog,논산딸기,딸기 레시피,lyfoyc_224292307251,https://blog.naver.com/lyfoyc/224292307251,⊹˚₊궁극의 나폴리탄 스파게티 만들기: 국내워크숍(토마토코엔) 및 망원 나들이₊˚⊹,"망원역 근처에 볼일 있어 왔다가
전부터 한번 가보고 싶었던 식당으로 향했다
나폴리탄 스파게티를 판다는 이유만으로
언젠가 가봐야지 하고 저장해두었던 곳이었다
토마토코엔
서울특별시 마포구 희우정로 104 1층
일본 킷사텐 스타일의 경양식을 파는 곳이라
가게 내부 곳곳에서 일본 감성이 느껴졌다
주말에 방문해서 그런지 약간의 웨이팅이 있어
폰도 충전할 겸 잠깐 근처 카페로 향했다
여기 라떼 맛나다
사진으로 된 메뉴판을 보니
원래의 목적은 분명 나폴리탄 스파게티였는데,
바로 옆에 있던 명란 오일 파스타에
자꾸 시선이 갔다
명란오일 먹을까 순간 흔들렸지만
이곳에 온 이유는 어디까지나 나폴리탄이었고
일종의 워크숍이니까
갈대 같은 마음을 다잡았다
상자를 열면 메뉴가 나타난다
귀엽고 신기한 메뉴판이다
드디어 나온 나폴리탄 스파게티
아~
맛나다
케찹맛 가득
여긴 야채를 살짝 토치로 구웠는지
불맛까지 났다
파마산 가루가 킥이다
그냥 먹어도 충분히 맛있긴 한데
파마산 가루를 팍팍 뿌려 먹으니 더 맛있다
오늘의 교훈
파마산 가루 아끼지 말자
아무래도 워크숍이니 나름 먹기 전에 재료분석을 해보았다ㅎㅎ
~재료 분석~
양파, 피망, 베이컨, 소세지, 생 파슬리, 양송이
소스는 케찹맛으로 가득해서
돈까스나 우스터소스를 넣었는지는 잘 모르겠다😅
깨끗하게 다 먹었다(피망이랑 파슬리는 빼고ㅎㅎ;;)
투떰즈업
서울특별시 마포구 희우정로16길 53 1층
망원동까지 온 김에
밥만 먹고 그냥 돌아가기엔 조금 아쉬웠는데
베이글 샌드 맛집인 '투떰즈업'이 운 좋게 바로 구매 가능하길래
얼른 줄 서서 소금 베이글이랑 베이글 샌드 2개 구매했다
이 날 날씨가 너무 좋았지만 너무 더워서
가는 길에 식후땡 망고쥬스 사먹었다
피스타치오 딸기와 딸기 팥 크럼블 맛을 샀는데
베이글 자체가 굉장히 쫀득해서 둘 다 맛있었지만
피스타치오 딸기가 특히 미친맛이었다
💚🍓
피스타치오 딸기
또 먹고 싶다
국내워크숍(토마토코엔) 후 간단한 고찰:
토마토코엔에서 나폴리탄 스파게티를 먹고 나서야
문득 이상한 사실 하나를 깨달았다
생각해 보니 나는
궁극의 나폴리탄 스파게티를 만들기 전까지
남이 만들어준 나폴리탄 스파게티를 단 한 번도 사 먹어본 적이 없었다...!!!!!
그러니까 정리하자면
나는 나폴리탄 스파게티가 정확히 어떤 음식인지도 모른 채
우연히 내 입맛에 딱 맞는
“궁극의 나폴리탄 스파게티”를 만들어버렸던 것이었던 것이었다.
이쯤 되면 슬슬 의문이 생긴다
과연 내가 만든 것은
정말 나폴리탄 스파게티였을까?!?!?
To be continued......
궁극의 나폴리탄 스파게티 레시피를 알고 계시어
언제 끝날지 모르는 이 여정을 끝내주실 분은
댓글과 쪽지로 많은 참견 바랍니다.",토루크막토,blog.naver.com/lyfoyc,2026-05-21,,0.0,,,2026-05-21 13:27:31.642045
naver_blog,논산딸기,딸기 레시피,jnlee713_224292300118,https://blog.naver.com/jnlee713/224292300118,2026년 3월 1주 : 실패한 봄동비빔밥,"정말 또 오랜만에 주간일기를 쓰는 것 같은데요,
그래도 제가 포기하지 않고 돌아왔습니다
하지만 민재에게 잔소리는 들었지요^^
왜 아직도 너는 2월에 살고있는거니.....?
ㅎㅎ
시작해보겠습니다 .. ..
3월 4일 수
제가 요즘 굉장히 사랑하는 피넛버터입니다 ❣️
음..
저희 회사 제품 맞는데요, 전 저희 제품에 더 평가가 인색한 편입니다.
그럼에도 불구하고 이거는 정말 너무너무 괜찮습니다!
정말 다른 맛 안나도 순수히 땅콩맛만 나서 사과와 같이 곁들이기 딱이에요!
#오뚜기땅콩버터크런치 #오뚜기땅콩버터스무스 추천드려요
3월 6일 금
어우 정말 이거는 다시 생각해도 화가 많이 나는데요,
뭘 주문하면서 이렇게 스트레스받긴 또 처음이에요
일단 요약하자면, #천일택배 여기 택배사 다시는 안쓸것같아요
(사건은 사진의 역순으로 시작이 됩니다)
1번 상황)
① 오늘의집 어플에는 제품이 배송 완료되었다고 떴는데 택배가 안옴
② 오늘의집, 천일택배 모두 연락했는데, 천일택배 전화 안받고 오늘의집에서도 택배사 연락이 없다고 함
(무슨 택배사의 평촌지점?이 핸드폰번호임)
③ 1~2주 정도 뒤에 갑자기 덜렁 집앞에 택배박스가 와서 보았더니, 택배상자 꾸겨지고 ""반품""이라고 적혀있었음
→ 이걸 보고 확신했죠. 아 오배송 해놓고 반품되었다가 우리에게 아무 연락 없이 다시 보냈구나..
2,3번 상황)
근데 제품을 보고 반품이 필요했어요.
이것 또한 너무 시간이 지나버려서 반품버튼 비활성화되고, 직접 고객센터에 연락해서 교환요청했답니다...
교환은 오래 걸릴 수 있어, 기존 제품은 반품/새로운 상품 다른 택배사로 배송으로 진행했어요.
4번 상황)
근데 그 반품제품마저 안가져가네요...? ㅋㅋㅋㅋㅋㅋㅋ
반품제품 가져가는데도 1주일 넘게 걸렸답니다. 천일택배는 일을 안하시나봐요
여러모로 힘든 #천일택배 후기였습니다..
아무튼 그런 일처리도 하고 열심히 일하다 보니,
신입사원 친구들이 수습기간이 끝났다며 간식을 주었습니다.
역시 #복호두는 맛나요
#복호두 에 있는 딸기맛도 엄청 맛나다는데, 다음에 사먹어봐야겠어요
저녁에는 봄동비빔밥을 해볼까~ 해서 봄동을 사러 갔답니다
봄동 철에 봄동 유행까지 덧붙여져
정말 엄청나게 쌓여있는 봄동 발견했습니다.
그리구 사람들 장바구니마다 봄동이 하나씩 다 들어있더라구요
봄동을 잘 씻고 양념을 무쳐서 봄동무침을 만들었는데요,
왜 쿼카's recipe에 올리지 못하였나면요...
구글 제미나이 시켜서 양념장 레시피를 받았더니 웬 이상한 레시피를 줘가지고... 실패했기 때문이죠...
맛이 너무 없냐구요?
최악까지는 아니지만 굉장히 짜고 시고... 겨우 먹었슴다..
3월 7일 토
토요일 낮에는 산책할 겸~
#관양시장 에 파는 #관양시장토스트 를 먹으러 갔습니다.
저는 저렇게 야채와 계란이 풍성한 토스트 너무 좋아합니다.
저녁에는 요즘 아주아주 흥행중인 #왕사남 을 보기 위해 (드디어..)
#범계CGV 를 다녀왔습니다.
[영화관리뷰] CGV 범계 : 전 좌석 리클라이너석이지만 아주 오래되고 스크린이 작은 영화관
저와 민재의 3번째 평촌 영화관 도장깨기입니다 CGV 범계 여긴 범계 뉴코아아울렛 건물 11층에 위치한 ...
blog.naver.com
와 영화관 스크린 이렇게 작은거 정말... 놀라웠어요
수원 스타필드 메가박스 넘 그리운 것..
3월 8일 일
일요일 아침,
오늘은 다시 인스타에 올라온 레시피로 봄동빔밥을 다시 시도했습니다.
역시 인스타!!
정말 맛있게 잘 먹었습니다 🫶
[간단리뷰] 더티초코 페스츄리 바이트 : 노브랜드 x 아우어베이커리 콜라보 간식
오늘의 간식 간단리뷰 더티초코 페스츄리 바이트 글쎄, 이마트 노브랜드를 가니까 #아우어베이커리 더티초...
blog.naver.com
맛난 봄동비빔밥을 먹었으니, 디저트가 있어야겠죠?
따뜻한 차와 함께 노브랜드 더티초코 페스츄리 바이트
양이 적게 들어있지만, 정말 꽤나 맛있게 먹었습니다.
디저트까지 배부르게 먹고 나니 잠이 솔솔 오는지
책 읽다가 공허한 눈빛으로 멍때리는 민재 발견..
저희 부부,
넓디넓은 거실의 식탁 놔두고 이 작은 방의 아담한 쇼파에서 작은 간이테이블과 함께 보내는 시간이 훨씬 많답니다.
오늘은 외식 최대한 하지 않고 집에서 최대한 먹어보려 합니다.
저녁에 숙성회 먹기로 했는데, 그 전에 배를 채우기 위한 유부초밥 완성
민재는 유부초밥을 별로 좋아하지는 않지만 제가 좋아합니다.
민재는 선택권이 없어요.
이게 결혼생활이죠 헤
[안양/관양] 회풍 : 안양토박이가 추천해준 숙성회 찐맛집
안녕하세요! 오늘은 안양토박이가 추천해준 #안양숙성회맛집 을 소개하려고 합니다 회풍 안양직영점 여기는...
blog.naver.com
오늘은 정말 간만에 민재랑 한잔 했습니다!
가격 대비 정말 괜찮은 숙성회!
포장주문에 현금결제하면 20% 할인되는 숙성회 맛집 #회풍
이렇게 또 길고도 짧은 한 주 마무리입니다 🫶
또 언제적 3월 일기냐며 민재에게 잔소리를 들을 게 뻔하지만
그래도 열심히 남은 주간일기 힘내서 써볼게요",서천동쿼카,blog.naver.com/jnlee713,2026-05-21,,2.0,,,2026-05-21 13:27:52.655847
naver_blog,논산딸기,딸기 레시피,rlorv_365_224292292651,https://blog.naver.com/rlorv_365/224292292651,무한도전,"내 나이25 이젠 면허를 따야한다(엄마의마지막지원)
시력검사를 하는데
아직 대답을 안했는데 통과됨
이 세계에선 누구나 시력이 1.0이되
두쫑쿠 하나에 500칼로리라고 한 뒤로 안먹음
사실집근처카페가가격을인상했어요
두쫀쿠 안먹는다고했지
두빙수 안먹는다곤 안했다
약간 네모빔을 맞은 리락쿠마
손종원 이타닉가든 오마주한건데 ㅎ
폰 주인분 혹시 곰이신가요?
구내식당 야르~
대전빌라 권력
햄부기쿼카 살걸그랫다 ……..
비만방어!!!!
비만이라 더 아름다워요
방어와 같은날이 맞다긔
과자를 덜어먹는이유= 조금만 먹겟다X
다 쏟아먹겠다O
계단식 잠자리는 처음보네요
이런 쌰갈!!!!!!!
휴무에요.
언니가 만들어준 류수영 고찌
인줄 알았는데 류수영 레시피를 따라한 숏츠 레시피였음
양산형 쇼츠 고추장찌개
그치만 맛잇어서 두그릇 먹음
밥도 두그릇 디저트도 두개
요즘 고고마 디저트에 빠짐
청주 마지막 식사
너무많이먹었어요
무한고기지옥
목도리로 포장당했슨
운전을 하고나면 당이 떨어져요
두빠이빠이요아정
설빙 승
마지막 기능연습 개망함
아니왜운전연수중에스피커폰으로전화하세요
50분에 55000원인데 쌰!!!!갈!!!!
기능시험봤어요
마지막 순서였는데 앞에 다 떨어져서 오들오들 떨음
강사님이 나 떨어질거같다고 했는데 100점맞음
옆에 강사 없어서 운전 잘됨 ㅇㅈㄹ
집구경도 해줬어용
매떡 한다라이 먹음
나는 맵고수고 앞사람은……
나 대전사람인데 두부두루치기 처음 사먹어봐요
알바생이 싫어하는 손님들
난리났다 난리났어
증사 찍니?
키캡사고 떡볶이 먹기
사실 난 키캡을 사지 않앗슨
중고거래하고 꽁밥먹기
오늘도 이렇게 살아남는다
엽떡먹고 키위주스 먹어주면 완전 야르한거 아는사람...
완전 캐릭터 수집가임
2트만에 성공~
근데 분홍색 약간 밤티 ㅋㅋ
쌰갈! 주말동안 오빠 잡도리해서 abc코스 돌았는데
D코스나옴 ㅎ
감독관이 일단 합격은 하셨는데..하고 지적 5억개정도 함
창억 호박떡 조랭이떡
힘 쓰기 위한 에너지푸드
한국판 갸루
화면을 안봐도 됐던 어린 나
젓가락 빼라
Next image
두쫀쿠 빼고 다먹는사람
쭈꾸미먹고 벚꽃보러 갔는데 사람 너무 많아서 쭈꾸미 토할뻔
이재용 왔다감
ㅜㅜ 시험보고 휘.치함
휘낭시에 치료
모르는개랑 망고시루 샀어요
급식도 먹어줌
튤립 예쁘다~
양꼬치 예쁘다❤️💕🥰😍♥️😘❣️💜💛💙💗💖
누가 브이함
엄마의 미역국 레시피 특강
듣는사람(0명)
언니 첨엔 집중해서 듣더니 나중에 걍 엄마가 해달라함
식사가왜안끝나지?
꿀떡꿀떡 넘어감
다 먹었다는 소리
이불 덮은 판다랑
다 흘리는 아이랑
내가 사는거였다면 절대 먹을 수 없는 고가 음식
딸기쿠크다스샌드 레시피 아르켜줄게~
1. 딸기를 8개 자른다. 딸기 30개를 자른다.
2. 생크림에 설탕 한스푼 넣고 휘핑한다. 생크림에 설탕 두 스푼 넣고 휘핑하다 힘들어서 그만둔다.
3. 생크림에 딸기잼을 넣는다. 딸기잼 없으니까 생략한다.
4. 쿠크다스 깔고 크림+딸기 올리고 쿠크다스 덮어서 얼린다.
완~성~
효도데이
오빠가 밥사고
언니가 커피사고
내가 잘 먹어주면
효도 끝~
배 별로 안불렀으면 크로플도 먹었을텐데..
어린이날 아무도 안챙겨줘서 스스로 챙기기로 했어요
근데 햇빛 지림
이날 피부톤 두톤정도 어두워진듯
늑대도 스포츠 좋아하나봐
언니가 다른팀 선수를 찍어오라고....
0:0으로 끝났으면 티켓 환불해줘라
배는 별로 안고팠음
분명히
그렇게 됐다
엄마가 수플레 먹고싶다해서 데려옴
근데 먹고싶은 사람이 사야됨
그래서 엄마가 삼
유배왔어요..강아지가 온 건 아니고
제가 왔습니다
일 안해도 배는 고픔띠
다같이 밥먹어서 사람들 몰래 찍음 ㅎ
쌰갈 몰래찍다가 셔터소리남
머쓱머쓱
비테리어 대박
퇴근하고싶다…………….
하는일은 없지만……………..",;G,blog.naver.com/rlorv_365,2026-05-21,,,2.0,2026.5.21. 13:16 :: 고은아 진짜 집가고싶다 누워있고 싶다 살려줘라 | 2026.5.21. 13:19 :: 걍 지 하고싶은말 하네,2026-05-21 13:28:14.703475
naver_blog,논산딸기,딸기 레시피,ssoi5388_224292282051,https://blog.naver.com/ssoi5388/224292282051,은밀한 취미생활 2,"취미생활 1을 꾸준히 해보려 했지만
손가락이 너무 아프고 거북목이 되는 이슈로 쉽게 접었다
그 이후 조금씩 눈여겨보던 알고리즘들이 날 지배했다
그거슨 바로 두.쫀.쿠 !
유명해지기 전 팔레트디저트에서 사 먹은 적이 있었는데 처음부터 탑티어를 맛보니 다른 것들이 그냥저냥 다 평균 이하였다 (기준이 너무 높아졌어요)
한창 재료 수급이 어렵고 가격이 폭등할 때 의지의 한국인들은 재료를 직접 만들기 시작했다..
인스타 돋보기에 만들기 영상이 뜨고 또 떠서 어느 정도 눈으로는 몇백 번 만들어봤지만 막상 만들려니 실패할까 봐 두려웠다
때마침 운 좋게 합리적인 가격에 두쫀쿠 쿠킹클래스수업을 들을 수 있었다
워니스튜디오는 음식을 만드는 공간과 시식하고 사진을 찍을 수 있는 공간으로 나뉘는데
이 점도 너무 좋았다 !
만들고 바로 시식 너무 좋아요
친절하게 레시피도 주시고
꼭 수업을 들어야만 알 수 있는 꿀팁도 전수해 주신다
먼저 선생님이 시범을 보여주시고 그다음 바로 실습 진행 순서로 된다
은밀한 취미생활 2 (1)
재생
0
좋아요
0
00:22

은밀한 취미생활 2 (1)
카다이프 만드는 손기술...화려하다
은밀한 취미생활 2 (2)
재생
0
좋아요
0
00:10

은밀한 취미생활 2 (2)
수제 카다이프는 씹는 맛도 좋다
버터에 쉭쉭 볶아줘요
은밀한 취미생활 2 (3)
재생
0
좋아요
0
00:08

은밀한 취미생활 2 (3)
은밀한 취미생활 2 (4)
재생
0
좋아요
0
00:16

은밀한 취미생활 2 (4)
피스타치오 스프레드에 카다이프만 섞어서 먹어도 맛이 좋아요....식빵..당장 가져와....
은밀한 취미생활 2 (5)
재생
0
좋아요
0
00:05

은밀한 취미생활 2 (5)
냉동고에 잠깐 두면 모양이 잡히는데 성격 급한 전 먼저 먹어볼게요 ~
선생님이 푸드스타일리스트셔서....어떻게 하면 예쁘게 찍을 수 있는지 알려주시고
데코 딸기까지~~~ 주셔서 기분은 더 업업업!!
워니데이 쿠킹스튜디오
서울특별시 영등포구 양평로20길 11-2 2층
wonyy recipe_ •̀.̫•́✧ : 네이버 블로그
wonyy recipe_ •̀.̫•́✧ : 네이버 블로그
모두가 따라할 수 있는 초간단 1인분 레시피✨ 워니데이 쿠킹스튜디오 운영 클래스 신청은 공지글을 확인해주세요
blog.naver.com
원래 1인분레시피로 유명한데 쿠킹클래스도 매번 다른 종류로 하니까 기회가 된다면 다들 해보는 거 추천합니동
나도 원하는 메뉴 나오나 눈 여겨보고 있다 또또또 갈거니까 ㅎㅎㅎ
그다음 날 집으로 가지고 와서 아메랑 여유부리기 ㅎㅎ
그리고 배운 거 까먹지 않고 잘 정리해뒀다가
집에서 실습하기 !
아주아주아주 ~~ 성공적이었다고 한다
재료비는 비쌌지만....그래도 너무 맛있었다
재료가 조금 남았으니 한 번 더 노동 해봐...?
오빠가 팔레트보다 맛있다고 하였다
냉동실에서 하나씩 없어질 때의 마음이란... 씁쓸이라 읽는다..
은밀한 취미 2번 끄읏",슬기네 일상이야기,blog.naver.com/ssoi5388,2026-05-21,,3.0,,,2026-05-21 13:28:36.039029
naver_blog,논산딸기,딸기 레시피,podohato_224292273575,https://blog.naver.com/podohato/224292273575,여름쿨톤 라이트가 소장한 블러셔 랜덤 후기 올영 추천템,"이 포스팅은 올리브영 쇼핑 큐레이터 활동의 일환으로, 구매 시 일정 금액의 수수료를 제공받습니다.
랜덤하게 블러셔 후기 ~
내돈내산 제품들임!
여름 쿨톤 라이트 기준
명도 높고 중채도면 잘 어울리는 새럼..
눈에 보이는 요즘 구매한 제품
혹은 잊고있던 제품 등 랜덤후기
에스쁘아 블러웨어 블러쉬
민스코 공동개발
민스코 에스쁘아 공동개발한 컬러 중 4컬러 샀는데
코르타도는 암만봐도 아니어서 당근하고
요즘 잘쓰는 세가지 컬러 발색
맨위에서부터 누핑크 / 크림쏠라 / 프라우드 핑크
일단 제형이 진짜 좋다 ! ㅋㅋ
올리브영에서 구매할 수 있는 만원 언저리 블러셔 중
질감 탑.. 가루날림도 거의 없고 정말 잘 만든
프레스드 파우더 같은 느낌임
일단 명도 높고 중채도 정도 필요한 나한테
누핑크 요즘 매일 쓰는 베이스 블러셔고
누핑크 + 크림쏠라
누핑크 + 프라우드 핑크 조합으로 바르고나가면
뽀용뽀용 살짝 있는 채도 때문에 안색 좋아보이는 사람이 됨...
네이밍, 페리페라 같이 만원 언더로 구매할 수 있는 블러셔들과
질감이 다르다달라..
https://oy.run/WGdE90vhg9DjVq
얼터너티브스테레오 슈가크런치 블러셔
02 호 모브크렘
이거슨 퀸카 안나가 샵다녀와서 공유해준 템
바로 사보았는데 예쁘다 !
근데 살짝 발색 아쉬움 But
탑코트로 펄 올리는 용으로 굿
꺅.. 왜 슈가크런치인지 알겠다 설탕 뿌신듯한
매트펄이 샤랴략 펼쳐져,,,
요즘 에스쁘아 블러셔 두개 바르고 위에 쓸어주는데
그럼 펄이 잘 안묻지만 ㅠㅠ 예쁨
막 대비감이 도드라지는 게 아니라 색조 잘 안받아도
쓸 수 있는 펄블러셔 같아서 만족한다
멀리서보면 이렇게 발색 잘 안뵈일 정도로 라이트함
https://oy.run/O1fdLN1dk3Nfy3
3ce 무드레시피 페이스 블러쉬
풀스인러브, 디렉터블
모두가 핑크필터를 살때... 테스터 해봤는데 안어울리고
쓸씨이 특유의 뮤트함이 날 더워보이게 해..
그러다가 풀스인러브 시코르에서 발색해보고 샀고
디렉터블은 친구가 바른거 블따했는데 이거였음
디렉터블은 21호 이상 피부가 발라도 바비인형같이
너무 예쁜 핑크더라
근데 진짜 여쿨라이트세요? 복숭빔청순빔 이렇게
하얗고 형광끼있는 그런 딸기우유 핑크 지겨우세요?
그럼 풀스인러브를 사세요 제발.....
가을 겨울에 더 잘어울리고 이거 진짜 예쁨 ....
너~무 막 밝은 딸기우유 핑크가 아니라서....
여름쿨톤이면 핑크필터보다 풀스인러브가 최곤거같은데
올리브영 테스터도 안해놔서 ^^..ㅠㅠ 슬픔
https://oy.run/hQEQfbmQzg5VKH
캔메이크 파우더 치크 볼터치
P02 리틀샤이핑크, P04 클레버 베이지
일명 캔메이크 하트 블러셔 ~ 펄블러셔고
2년전에 직구한 기억 ! RMK 블러셔 좋아하니깐
일본의 펄블러셔는 꼭 사보려고 하는 편
P02 생각보다 봄핑크라서 더운 느낌인데
펄은 또 시원한 느낌
P04 클레버 베이지도 베이지 톤인데
연보라 빛의 빔이 나서 시원한 느낌~
둘다 발색이 짙진 않아서 위에 쓸어주는 용으로 좋음
투크 새틴 도화밤
02 복숭아
캬.. 투크 블러셔 맛집임.. 색도 너무 예쁘고
질감도 좋음
근데...... 얼굴에서 발색이 너무너무 안됨 ㅠㅠ
퍼프로 톡톡 올려봐도 손으로 올려봐도
손목에 올린것만큼 얼굴에 올리기가 어려워서 아쉽다
투크 파우더 타입 블러셔도 내주겠어요?
복숭아 색깔은 유명하고 품절 잦은만큼 진짜 예쁘긴함 !
https://oy.run/Xw3MtlknJjRpzS
몇몇 컬러는 50% 세일하네요? 링크남겨봐요
ㄴ https://oy.run/ncR6quh81w0h88
후기끝,,",*,blog.naver.com/podohato,2026-05-21,,0.0,,,2026-05-21 13:28:57.001516
naver_blog,논산딸기,딸기 레시피,hurilob_224292263031,https://blog.naver.com/hurilob/224292263031,내 여행은 너잖아,"https://youtu.be/soZoplDbCKg?si=JSDX1UhQOi1ZR-5R
중고딩 때 자주 듣던 노래인데
갑자기 생각나서 추천합니다
볼빨간사춘기 별로 안 좋아하지만
이 노래는 지금 들어도 좋군요!
애들 3끝에 잠깐 모여서 밥 먹는다길래
저도 밥 사러 가는 길에 들렀어요
내가 얘네를 두고 졸업해야 한다고?
부민 새새 방학 때 펜션 가자 ㄱ ㄱ
암튼 새민오빠가 러시아에서 온 초콜릿을 주심
찐한 초콜릿 맛이었슴다
서로 할 말 많은 조합
사랑이랑 밥 먹었어요
요즘 이래저래 지쳐 있다는 사랑이
이름처럼 사랑만 잔뜩 느끼면 조켄네
밥 사줬는데 입맛 없다고 그릭요거트 먹재요
마음이 벅벅 찢어짐 걍.........
얼른 회복해서 인턴 가기 전에 맛있는 거 먹자
#오배완 #배구 #03 #🏐
약간 이런 감성 아닌지 ............
오른쪽 무릎이 안 좋아서 무리하면 안 되는데
늘 월요일에 무리하고 화요일에 스파이크를 빠짐
죄송해요 스파이크 앞으로는 진짜 열심히 할게요 엉엉
문꾸미기 한다길래 사진 보내줬는데
하필 박진광이랑 나란히 프린트 돼서
박진광이 어이없다고 찍어보내줌 ㅋㅋㅎㅋㅎ
120만원 벌러 갑니다
주은언니한테 들어온 일거리인데
제가 꼭 같이 하자고 졸랐어요
내가 또 대일플이랑 일을 하게 될 줄은 몰랐지
여튼 진짜 노답 근로지니까 다들 주의하세요
이때 진짜진짜 더웠는데
오빠가 손풍기 슥 주고 가심
람보르기니남.
이 더운 날에도 꾸역꾸역 뱀 야잠 입은 강주은이 귀여움
촬영 끝나고 오피스에서 앉아서 기절한 강주은이 귀여움
슴다섯 먹고 이러기 있냐
뉴진스 해인도 울고 갈
헤드셋 포즈
이 날 왜 나갔더라
암튼 밥 먹으러 백소정을 갔습니다
백소정은 마제소바가 유명하지만 전 마제소바 안 조아함
사실 내가 입은 게 오빠 옷이고 오빠가 입은 게 내 옷임
서로 덥고 추워서 바꿔 입었어요
만나기만 하면 2만 보 걷는 사람들
근데 이제 2만 칼로리도 먹음
호떡 팔아줘서 감사해요 진짜로 너무 행복함
오빠가 좋아하는 와플도 먹었어요
오늘도 와플 먹고 싶당
5월 14일은 로즈데이 ~ 🌹
이 날 아침부터 억까가 많았지만 ...
꽃집을 세 군데나 들러야 했지만 ...
그러느라 병원을 못 갔지만 ...
그래서 공결처리를 못 했지만 ...
주는 사람이 기쁘지 않은데
받는 사람이 어떻게 기쁘겠냐는 생각으로
즐겁게 꽃을 구했습니다
이 거지 같은 섬에 어쩌구
대일플은 ... 일을 좀 잘 하시면 좋을듯
여러 모로 할 말이 참 많네요 ^_^
돈만 받고 다시는 보지 말자
AI로 만든 쫀쿠 증명사진!!
요즘 쫀쿠 외모 폼 미쳤어요
털 밤티같이 잘랐었는데 그래도 너무 귀여움
요즘은 또 털도 많이 길었거든요
아 쫀쿠 보고 싶다 ㅜㅅㅜ
오빠한테 예소드 츄러스 입문 시켜줌
둘 다 츄러스를 좋아하는데요
예소드 츄러스를 안 드셔보셨다길래 이마부터 짚음
예소드 츄러스가 진짜진짜 맛있거든요 .......
오빠도 대만족하심
저 받았어요
꽃 받았어요!!!!!!!!!
사실 학교 도착하자마자 제가 먼저 줘버렸거든요
약간 당황하셔서 어 ... 나도 주려고 했는데 ... 하시더니
저 목끝 끝나고 집 가는 길에 데려다 주시면서
꽃과 칸쵸를 주셨습니다
데이지랑 같이 주고 싶었는데
데이지는 사실 꽃다발용으로 쓰는 꽃은 아니라셔서
제일 비슷한 마가렛과 함께 포장했대요
편지에 꽃말도 함께 적어주셨는데
네 ... 뭐 ... 달달함
요즘 버스에서 책 읽기 도전하고 있어요
맨날 버스 타고 30분씩 왔다갔다 하는데
계속 폰만 보고 시간 버리는 것 같아서
감성 챙길 겸 한 번 해봤음
지금 <지구에서 한아뿐>이라는 책 읽는 중인데
한 반 쯤 읽었는데 약간 유치하다가도?
꽤 재밌고 ... 좋은 구절들이 있어서 잘 보고 있습니다
류아현이랑 밥고
마라샹궈 먹었어요
마라샹궈 또 먹고 싶네 ..........
마라탕은 안 좋아하는데 샹궈는 너무 맛있음
주일 아침 루틴 : 주보 접기
일찍 도착해서 주보를 접고 있는데
제가 강원도 여행 다녀와서
목사님 두 분께 실제본 노트를 선물했었거든요
근데 이종형 목사님께서 ...!!
운영하고 계신 책방에서 판매하는
실제본 노트로 보답하셨어요
너무너무 감사함 🥹
알바하고 있는데 하나님의 교회에서 방문하심
유월절 관련해서 발표도 하시고 ....
뭐 이것저것 나눠주고 가셨어요
사실 이런 거 거절도 잘 못 하고
뭔 말을 해야 할지 잘 모르겠어서
처음에는 엄청 경계만 했는데
생각해보니까 ........ 이 분들도 속으신 분들이고
하나님께서는 똑같이 사랑하시고
안타까워하실 거란 생각이 들어서
그냥 친절하게 해드렸습니다
머잖아 정말 하나님의 사랑을 깨닫게 되길 기대하면서
다음 번에 또 와도 되냐길래 저 있을 땐 와도 된다고 했는데
잘 한 건진 모르겠어요 ^_^...
다음 번에 오시면 기도해드리고 싶음
오빠 기다리는데 날씨가 너무 좋더라고요
벤치에 자리도 마침 비었길래
자리 잡고 누워서 책 읽었습니다
이게 행복이죠
와따! 콩국수의 계절!
만민먹골집 첨 가봤어요
근데 칼국수도 맛있고 콩국수도 맛있고 만두도 맛있음!
밥 먹고 학교 왔는데 갑자기 선물이 있대요
진짜진짜 작은 선물이라길래 ... 뭐지? 들꽃이라도 꺾었나? 하고 있었는데
생각지도 못한 선물을 꺼내주심
보자마자 너무 놀라서 언제 이런 걸 해왔냐고 계속 물어봄
제가 이 정도로 좋아할 줄 몰랐대요
근데 진짜로 너무너무 놀랐음 ............
이 날은 진짜로 놀러가자!! 해서 나간 날
원래 메뉴결정권 다 넘기는 편인데
이 날은 정말로 ... 양식이 먹고 싶었어요
그래서 논스탠다드를 감!
여기 브루클린 샌드위치랑 로제 파스타가 진짜 맛있는데
저 피자도 진짜진짜 맛있더라고요 ㅠㅜ
또 먹고 싶다 ...
그리고 제 최애 카페인 오후애를 갔습니도
오빠 이미 와 봤다 해서 약간 실망함
그래도 케이크 두 개나 먹고 오미자에이드도 마셨어요
근데 카페에서 혈스 씨게 와서
한 시간 잠
레전드 민페 손님
영일대 산책 중에 발견한
월요일이온다
오지마라
Next image
몬스터 사장님 좋은데 안 좋아 안 좋은데 좋아
알바 시작한 지 이제 3주차 정도 되어 가는데
아직 좀 많이 미숙함 .......
아니 레시피 너무 많아서 버벅거리게 됨
그래도 사장님 항상 예쁘게 봐주시는 것 같아서
감사하면서도 ... 부담이고 .... 무섭고 .......
돈 버는 데 쉬운 일이 없네요
비 오는 날 버스에서 책 읽기!
말 그대로 스타라니까. 중력이 없으면 스타겠어요?
벗어날 수 있었으면 나도 다르게 살았지.
책 속 한 빠순이의 명대사
Next image
옷 사러 갔습니다
여름 옷 박스 싹다 사라져서
여름 옷이 하나도 없었거든요
꾸꾸용 옷들을 좀 보러 감
에겐 놀이 실컷 했는데 즐거웠어요
첫번째 옷 사러 가고 싶네 ...
어스 연극을 보러 갔습니다 ㅎㅎ
올해 두번째 연극! (관람자로는)
도원이가 연출 명규오빠가 무감이었다는데
두 분 다 너무 고생했을 게 보이더라고요
재밌게 봤움!
연극 끝나고 또 먹으러 감 ..........
제가 점심을 애매하게? 4시에 먹어서
끝나고 나니까 배고프더라고요
오빠픽 맛집 가서 국수랑 파전 먹고
집 가는 길에 맥날 들러서 아이스크림이랑
신메뉴 츄러스 먹어봄 ㅎㅎ
저 딸기캬라멜 아이스크림 진짜 미친듯이 달아요
진짜로 ... 다른 맛 안 느껴짐
그리고 츄러스도 낫밷 가끔 생각나면 먹을듯
블로그의 반 이상이 먹는 얘기임
저 이제 진짜 살 좀 뺴야 하는데 ..........
이렇게 먹는 걸 좋아해도 되는 걸까요
암튼 이제 여름이니까 진짜 조절을 좀 해볼게요
요즘 붓기도 레전드고 ...................
더도 덜도 말고 딱 3키로 정도만 빼고 싶네요
5키로 빠지면 더 좋고 ^_^
정말로 이번 학기가 한 달 밖에 안 남았네요
저의 막학기가 이렇게 저물어 가고
학교를 떠날 날이 다가오고 ...
그래도 기대하는 마음으로!
남은 학기도 간바떼",대충살자,blog.naver.com/hurilob,2026-05-21,,1.0,2.0,2026.5.21. 12:55 :: 아랑헤요깅가엉 | 2026.5.21. 12:55 :: 아 강주은 집들이 가고 싶다고 꼬셔,2026-05-21 13:29:18.418118
naver_blog,논산딸기,딸기 레시피,eumzi875_224292255056,https://blog.naver.com/eumzi875/224292255056,포켓몬을 만들어 먹자 낼름낼름 먹고 싶은 나루림 파르페 레시피,"낼름낼름 먹고 싶은 나루림 파르페
재료는 이것, 딸기잼, 찹쌀 경단(꿀떡으로 대체 가능) (핑크 와, 화이트, 휘핑크림 딸기 아이스크림, 체리, 초코 펜, 토핑 슈거, 그리고 여러 가지 토핑
이 포켓몬 만들어 먹는 거 엄청 간다 해요!
일단 딸기잼을 밑부분에 발라줘
자 딸기잼 위에 꿀떡을 올려줘
자 그리고 꿀떡 위에 생크림을 아주 많이 뿌려주지!
자 그리고! 잘라놓은 딸기를 컵 안쪽에 배열해 줘!
그리고 위에 아이스크림을 올려준다고!
그리고 꿀떡을 한 번 더 올려준다!
자 그리고 사쿠란보(체리) 꿀떡 옆에 토핑!
그리고 아이스크림 위에 나루림 을 그려줘!
이런 모양이야!
그리고 마지막 토핑으로 마음대로 꾸며줘! 완성됐어 낼름낼름 먹고 싶은 나루림 파르페 완성
잘먹겠스카나!",고릴라,blog.naver.com/eumzi875,2026-05-21,,1.0,,,2026-05-21 13:29:37.099046
naver_blog,논산딸기,딸기 레시피,moomoo171_224292253367,https://blog.naver.com/moomoo171/224292253367,"삼척 카페 한재, 바다 보며 즐기는 달콤한 디저트와 밀크티의 여유",전국 각지의 유명 디저트숍에서 전수받은 레시피를 바탕으로 만들어져서인지 가격 대비 퀄리티가 정말... 산지 직송 딸기로 만든 계절의 맛 지금 시즌에는 맹방 친환경 딸기를 사용한 다양한 메뉴들을 만나볼 수...,무무일상,blog.naver.com/moomoo171,2026-05-21,,,,,2026-05-21 13:31:39.101695
naver_blog,논산딸기,딸기 레시피,52_grace_224292239924,https://blog.naver.com/52_grace/224292239924,그릭요거트 냉장고필수템 칼로리 종류별 차이부터 보관법까지...,"블루베리, 딸기, 견과류 조금만 올려도 카페 브런치 느낌 제대로 나서 식단인데도 기분이 좋아져요... 레시피활용 오이샌드위치부터 과일빙수까지 다이어트 엘라의 맛있는 한 끼 요즘 제 냉장고에서 제일 자주...",엘라네 블레스키친,blog.naver.com/52_grace,2026-05-21,,,,,2026-05-21 13:33:41.107679
naver_blog,논산딸기,딸기 레시피,hobaragi201_224292240133,https://blog.naver.com/hobaragi201/224292240133,"호바라기 순천베이킹클래스_식빵산도, 딸기산도, 과일산도...",이상의 레시피 수정 없이 그대로 산도로 완성이요.!! 샌드위치 포장까지 마치면.. 이건 뭐 그대로... 시엔 레시피만 제공되니 ☆ 꼭 개인 스케줄 확인 후 신중한 신청 부탁드립니다. ☆ * 준비물 - 앞치마...,호바라기 베이킹스튜디오,blog.naver.com/hobaragi201,2026-05-21,,,,,2026-05-21 13:35:43.122174
naver_blog,논산딸기,딸기 레시피,skycat0907_224292234900,https://blog.naver.com/skycat0907/224292234900,"🔥 ""51kg 유지 비결""… 공효진, '이 음식'만 먹는다! 가볍지만 포만감 끝판왕","배우 공효진이 51kg을 오랫동안 유지하며 ""건강미""의 아이콘으로 불리고 있어요. 최근 인터뷰와 SNS에서 공개한 식단 비결 중 단연 화제인 건 요거트 + 치아씨드 + 블루베리 조합입니다. 칼로리는 낮지만 식이섬유와 단백질이 풍부해 배고픔 없이 포만감이 오래가는 '꿀조합'으로 알려졌어요. 오늘은 공효진의 식단 습관을 분석하고, 왜 이 음식이 체중 유지에 효과적인지 자세히 풀어드릴게요!
kormedi.com
51kg 유지 비결""… 공효진 '이 음식'만 먹는다, 가벼운데 포만감까지? - 코메디닷컴
공효진 최근 근황 – 51kg 유지하며 여전한 건강미
1. 공효진의 체중 유지 비결 요약
현재 체중: 51kg (키 172cm 기준 슬림한 체형)
주요 식단 원칙: 저탄고지(저탄수화물 고지방) 경험 + 채소·단백질 중심
대표 음식: 그릭 요거트(또는 홈메이드 요거트)에 치아씨드 + 블루베리 토핑
기타 습관: 콜라·탄산음료 완전 배제, 집안일로 활동량 유지, 혈당 관리 보조제 병행
weeatlivedowell.com
Mixed Berry Chia Pudding with Greek Yogurt
치아씨드 요거트 볼 – 공효진 스타일 (블루베리·스트로베리 토핑)
2. '이 음식'이 특별한 이유 (가볍지만 포만감 UP!)
주재료 분석:
그릭 요거트: 일반 요거트보다 단백질 2배, 유당 적음 → 근육 유지 + 포만감 오래감.
치아씨드: 식이섬유 폭발 (물에 불리면 10배 부풀음) → 장 운동 촉진, 혈당 안정, 배부름 오래 지속.
블루베리: 항산화물질(안토시아닌) 풍부, 저칼로리 + 달콤함으로 대체당 역할.
효과:
한 그릇으로 200~300kcal 정도지만, 섬유질+단백질 조합으로 3~4시간 배고픔 없이 버팀.
홈메이드 요거트 버전: 우유 + 유산균으로 직접 발효 → 프로바이오틱스 UP!
susanjoyfultable.com
Coconut Yoghurt Chia and Berry Pudding
베리 치아 푸딩 – 공효진이 즐기는 스타일 (포만감 최고)
3. 공효진식 홈메이드 레시피 추천
그릭 요거트 200g 준비
치아씨드 1큰술 + 물 조금 넣어 10분 불리기
블루베리·딸기 듬뿍 + 선택: 바질·꿀 조금
잘 섞어 먹기 (공효진은 바질 가루 버전도 좋아함)
Tip: 아침이나 간식으로 먹으면 혈당 스파이크 방지 + 하루 에너지 UP!
4. 총평 & 따라하기 팁
공효진의 51kg 유지 비결은 극단적 굶기 다이어트가 아닌 지속 가능한 습관이에요. 요거트+치아씨드 조합은 가볍지만 든든해서 누구나 쉽게 따라 할 수 있는 최고의 메뉴! 다만 개인 체질에 맞게 시작하고, 운동(집안일 포함) 병행하면 효과 UP.
#공효진 #공효진다이어트 #51kg유지 #치아씨드요거트 #그릭요거트 #포만감다이어트 #저탄고지 #건강식단 #홈메이드요거트 #배우다이어트",세계정복,blog.naver.com/skycat0907,2026-05-21,,0.0,,,2026-05-21 13:37:06.150199
naver_blog,논산딸기,딸기 레시피,kutty1945_224292232603,https://blog.naver.com/kutty1945/224292232603,치아바타 햄치즈샌드위치 만들기 냉동 치아바타 해동방법 샌드위치 소스 만들기,"오늘의 요리
치아바타 햄치즈샌드위치
쩡 ~ 하 :-)
요즘 주말 마다 햇빛 쨍쨍 날이 좋아
봄소풍으로 많이들 놀러가시더라구요.
봄소풍 도시락으로 맛도 좋고 보기에도
예쁘고 먹기도 편한 햄치즈샌드위치!
치아바타 햄치즈샌드위치로 든든하게
맛있게 만드는 레시피 알려드릴게요.
샌드위치 소스 팁도 같이 나와있어요.
샌드위치 전문점 보다 맛있을 거에요.
치아바타 햄치즈샌드위치 재료
2개 기준, 1스푼 = 밥 숟가락, 1티스푼 = 차 숟가락
치아바타 2개
생햄 슬라이스 햄
치즈
로메인 루꼴라 등 샐러드 채소
과일잼 (생략가능)
<햄치즈샌드위치 소스>
마요네즈 2스푼
홀그레인 머스타드 1스푼
꿀 1스푼
저는 냉동 치아바타로 만들어봤어요.
해동 잘 하면 맛있고 가성비 좋아요.
냉동 치아바타 해동 굽는 법도 같이
아래에 적어뒀으니 참고해 주세요.
햄치즈샌드위치인 만큼 필수 재료로
햄과 치즈는 넉넉히 준비를 해주세요.
루꼴라 양상추 로메인 다 어울려요.
햄치즈샌드위치의 맛을 결정 해주는
맛있는 샌드위치 소스 레시피랍니다.
전문점 보다 더 맛있어 꼭 발라줘요.
위에 적혀진 샌드위치 소스 분량으로
만들면 치아바타 2개에 반 쪽 면씩
충분히 바를 수 있는 소스 양이에요.
저는 나머지 한 면은 딸기잼을 발라
상큼한 단 맛을 같이 더해줬는데요.
두 배 양으로 만들어 양쪽 다 소스를
발라도 되고 버터를 발라도 됩니다.
취향에 따라 레시피 바꾸면 되요!
햄치즈샌드위치 레시피
샌드위치소스 레시피
요리 난이도 : 하
1. 빵은 취향껏 구워 준비해요.
냉동 치아바타 해동 방법으로는
냉동 상태로 15분 실온에 둔 뒤
에어프라이어나 오븐에 넣어서
160~170도로 7분 돌려주세요.
채소는 씻고 물기 털어 건조하고
생햄과 치즈도 양껏 준비해요.
2. 샌드위치 소스를 만들어줘요.
골고루 섞어서 준비를 해줍니다.
3. 구운 빵은 반을 갈라주세요.
아래 빵 면에 샌드위치 소스를
바르고 채소 치즈 생햄을 올려요.
생햄은 접어서 여러 장 올려야
보기에 더 먹음직스러워 보여요.
치즈와 채소도 사선으로 올려서
빵 밖으로 살짝 빠져나오게
배치하면 더 모양 예쁘답니다.
4. 위 빵 면에 소스, 잼, 버터 등
취향껏 발라 덮어주면 끝이에요.
봄소풍 도시락으로 준비하는 경우
포장랩으로 감싸주면 깔끔해요.
치아바타 햄치즈샌드위치 맛
햄치즈샌드위치는 사선으로 반 잘라
먹는 게 단면도 예쁘고 더 편하지요.
피크닉 도시락 포장하기도 쉽답니다.
생햄을 여러 겹 넣어 더 먹음직스럽죠?
사 먹는 햄치즈샌드위치는 토핑 양이
적어 아쉬운데 홈메이드는 푸짐하죠!
홀그레인 콕콕 박힌 샌드위치 소스가
눈으로만 봐도 산뜻하고 고소하네요.
봄소풍 도시락 메뉴로도 잘 어울리죠?
봄에 딱 어울리는 산뜻한 샌드위치!
다이소에서 파는 종이 도시락 용기에
냅킨과 함께 담아주면 용이하답니다.
포장랩을 감싸면 손에 묻지도 않고
샌드위치 모양이 흐트러지지도 않아서
봄소풍 야외에서 먹기에도 편하지요.
샌드위치 소스가 입에 착 붙는 맛이라
웬만한 샌드위치집 보다 맛있답니다.
홀그레인 머스타드가 맛의 킥이에요.
냉동 치아바타도 해동 제대로 하니까
물론 막 나온 빵에 비빌 수는 없지만
폭신하고 쫀득하고 맛 차이 없었어요.
봄소풍 도시락으로도 한 번 더 만들어
주말에 깜자랑 피크닉 가야겠어요!
그럼 바이바이 :-)",쩡이네식탁,blog.naver.com/kutty1945,2026-05-21,,2.0,1.0,2026.5.21. 13:28 :: 이번 샌드위치 레시피 정말 유용하네요! 소풍 때 해먹어야겠어요 감사합니다!,2026-05-21 13:37:27.174273
naver_blog,논산딸기,딸기 레시피,1981kis_224291594901,https://blog.naver.com/1981kis/224291594901,"""65세 최화정 유튜브 난리난 ,방부제 미모 채운 아침 공복 3가지와 의외의 '이 소스'는?","피부미용 전문가가 포착한
최화정의 방부제 미모와
세포 장벽의 비밀
매일 수많은 고객의
피부 결을 보며
노화의 궤적을 추적하다 보면,
얼굴에 드러나는 광채는
결국 그 사람이 아침에 눈을 떠서
몸속에 가장 먼저 밀어 넣는
액체와 음식에 의해 결정된다는
사실을 뼈저리게 깨닫습니다.
아무리 고가의
리프팅 시술을 받아도
속에서부터 차오르는
수분 밀도가 낮으면
밑 빠진 독에 물 붓기나
다름없는데요.
이런 관점에서 최근 방송인
최화정 님이 채널을 통해
가감 없이 공개한
모닝 디톡스 루틴은
뷰티 전문가인 저에게도
깊은 영감을 주었습니다.
클로즈업 화면에서도
20대 못지않은 투명한 안색과
탄탄한 볼륨감을 보여주는
그녀의 세월을 거스른 피부는
결코 우연이 아닙니다.
세포가 산화되고
장벽이 무너지기 쉬운 아침
공복 시간에 몸을
완벽한 약산성 상태로 리셋하고
세포의 자생력을 깨우는
영리한 이너 뷰티를
몸소 실천하고 계셨는데요.
무작정 굶어서
얼굴살을 처지게 만드는
우를 범하지 않고,
먹는 즐거움을 사수하며
속광을 채워 넣는
최화정식 웰이징 비법의 정수를
영양학적 시선으로
세밀하게 분석해 보았습니다.
눈뜨자마자 진피층을 깨우는
모닝 애사비와
속건조 예방 영양제
아침에 일어났을 때
입안이 텁텁하고 온몸이 무겁게
느껴지는 현상은
밤새 체내에 쌓인
노폐물과 독소가 원인입니다.
최화정 님은 침대에서 나오자마자
마흔 살 독립 시절부터 아껴온
애착 유리컵에 미지근한 물을
가득 채운 뒤,
애플사이더 비네거(애사비)를 타서
마시는 것으로 하루를 시작합니다.
두세 달에 한 병씩 비울 정도로
오랜 시간 내돈내산해 온
이 습관은 혈당을 안정시키고
몸의 염증 수치를 낮추는
가장 저렴하고 확실한
항산화 처방전입니다.
에스테틱 전문가의
애사비 가이드
식초 특유의
시큼함이 강하지만,
병 바닥에 가라앉는
구불구불한 생효모인
'초모'에는 유익균이
밀집해 있으므로
흔들어서 온전히
섭취하는 것이 좋습니다.
애플 사이다 비니거
알아보기
데니그리스 유기농 애플사이다 비니거 레몬, 500ml, 1개 - 음용식초 | 쿠팡
쿠팡에서 데니그리스 유기농 애플사이다 비니거 레몬, 500ml, 1개 구매하고 더 많은 혜택을 받으세요! 지금 할인중인 다른 음용식초 제품도 바로 쿠팡에서 확인할 수 있습니다.
link.coupang.com
카사베르디 유기농 레드와인 비니거, 500ml, 1개 - 와인식초 | 쿠팡
현재 별점 4.6점, 리뷰 1465개를 가진 카사베르디 유기농 레드와인 비니거, 500ml, 1개! 지금 쿠팡에서 더 저렴하고 다양한 와인식초 제품들을 확인해보세요.
link.coupang.com
오감과 감성을 충족시키는
침실 속 애착 인테리어와
안식처의 가치
피부 노화를 촉진하는
가장 치명적인 주범 중 하나
는 뇌와 신경계를 갉아먹는
코르티솔,
즉 스트레스 호르몬입니다.
최화정 님은 시각적인 편안함과
안정감을 주는 감각적인
침실 공간을 최초로 공개하며
정신적인 힐링이 뷰티에 미치는
영향을 증명했는데요.
낡아진 침대 프레임을 버리지 않고
계절과 기분에 따라
직접 디자인한
패브릭 커버를 씌워
침실의 무드를 신선하게
전환하는 인테리어 감각이
매우 돋보였습니다.
특히 소매가 헤어지고
낡았음에도 불구하고
30년 전 카탈로그 통신판매로
구매해 수선해가며 소중히 입어온
애착 홈웨어는 물건을 대하는
그녀의 따뜻한 철학을 보여줍니다.
마음이 평온해지면
부교감 신경이 활성화되면서
혈액 순환이 원활해지고,
이는 곧 맑은 피부 결로 직결됩니다.
밀가루 스트레스 없는
파리 감성,
담백한 독일식
브런치 레시피
탄수화물을 극단적으로
제한하는 다이어트는
지속하기 어려울 뿐만 아니라
피부 콜라겐을 파괴해
노안을 촉진합니다.
최화정 님이 즐겨 먹는
메인 브런치는 오븐 속에서
그릇 모양으로
기분 좋게 부풀어 오르는
독일식
'더치 베이비 팬케이크'입니다.
아침 시간에 번거로운
조리 과정 없이 믹서에 뚝딱 갈아
오븐에 넣어두기만 하면
완성되는 로망 가득한 메뉴인데요.
[최화정 표 더치 베이비 황금 레시피]
1. 무쇠 팬을 오븐에 넣고
200~220도로 밀도 높게
예열합니다.
2. 달걀 2개, 소금 한 꼬집,
밀가루는 최소한의 느낌대로,
우유를 부어
묽은 반죽을 만듭니다.
(바닐라 익스트랙을
몇 방울 넣으면
이국적인 풍미가
살아납니다.)
바닐라 오일 알아보기
로앤 바닐라 추출 오일, 60ml, 1개 - 기타베이킹재료 | 쿠팡
현재 별점 4.7점, 리뷰 4550개를 가진 로앤 바닐라 추출 오일, 60ml, 1개! 지금 쿠팡에서 더 저렴하고 다양한 기타베이킹재료 제품들을 확인해보세요.
link.coupang.com
3. 달궈진 팬에
고급 라꽁비에뜨 버터를 녹인 뒤
반죽을 붓고 오븐에서
15분간 구워냅니다.
오븐에서 꺼낸 팬케이크 위에
설탕 대신 든든한 수란과
그릭 요거트, 상큼한 블루베리와
딸기를 얹고 최고급
메이플 시럽으로 마무리를
장식합니다.
반죽 자체에 설탕이 전혀
들어가지 않아 담백하며,
진피층의 콜라겐을 지켜주는
양질의 단백질과 항산화 비타민이
황금 비율을 이루는
명품 브런치 식단입니다.
칼로리는 낮추고
안색은 밝히는 올해의 발견,
그리스식 차지키 소스
이번 영상에서 시청자들의 눈길을
가장 사로잡은 치트키는
최화정 님이 ""올해의 발견"",
""나의 역대 1위 소스""라고
극찬한 그리스식
'차지키(Tzatziki) 소스'입니다.
10년 전 예능 프로그램에
출연했을 때도 직접 만들어
먹었을 만큼 그녀의 오랜
뷰티 시크릿 소스이기도 한데요.
마요네즈나 설탕이 들어간
시중의 드레싱과 달리
장내 미생물을 활성화하는
프로바이오틱스의 결정체입니다.
채 썬 오일을 소금에 절여
수분을 꽉 짜낸 뒤,
꾸덕꾸덕한 그릭 요거트 2스푼과
알리신 성분이 가득한
다진 마늘 2개를 섞어줍니다.
못생겨도 맛있는 백오이, 5개입, 2개 - 오이 | 쿠팡
현재 별점 4.6점, 리뷰 25494개를 가진 못생겨도 맛있는 백오이, 5개입, 2개! 지금 쿠팡에서 더 저렴하고 다양한 오이 제품들을 확인해보세요.
link.coupang.com
요플레 그릭 마일드 요거트, 900g, 1개 - 요거트 | 쿠팡
현재 별점 4.8점, 리뷰 26800개를 가진 요플레 그릭 마일드 요거트, 900g, 1개! 지금 쿠팡에서 더 저렴하고 다양한 요거트 제품들을 확인해보세요.
link.coupang.com
여기에 레몬즙, 올리브유,
후추, 그리고 이국적인 향을
내는 생 허브 '딜(Dill)'을
다져 넣으면 완성됩니다.
당근이나 오이 같은 생채소를
찍어 먹으면 포만감이
오래 유지되어 오후의
가짜 배고픔을 잠재우고,
크림치즈 대신 통밀빵에 발라
레드페퍼를 뿌려 먹으면
혈당 스파이크 없이
슬림한 라인을 사수할 수 있습니다.,
""내가 먹는 것이 곧 나를 만든다"",
뷰티 전문가가 지지하는
지속 가능한 루틴
최화정 님의 식탁은
언제나 건강함과 기분 좋은 미식으로
가득 차 있습니다.
그녀가 영상 말미에 남긴
""내가 먹는 것이 나를 만든다""
라는 문장은
이너 뷰티의 핵심 가치와
완벽하게 맞닿아 있습니다.
하루 이틀 만에 끝나는
극단적인 절식이나 약물에
의존하는 다이어트는
반드시 요요 현상과 피부 노화라는
부작용을 동반하기 마련입니다.
최화정 님처럼 몸이 기뻐하는
건강한 음식을 매일 꾸준히,
그리고 나를 대접하는 마음으로
예쁘고 맛있게 챙겨 먹는
태도야말로 진정한
방부제 미모를
완성하는 열쇠입니다.
오늘 아침, 무심코 삼키던
정제 탄수화물 대신 미지근한
애사비 한 잔과 싱그러운
그리스식 소스로
내 몸과 피부에 생기를
불어넣어 보시는 건 어떨까요?
변함없는 유쾌함으로
건강한 라이프를 전파하는
최화정 님의 멋진 여정과
여러분의 눈부신 내일을
진심으로 응원합니다.
""데뷔 때보다17kg 감량.."" 배우 송혜교가 촬영 전 매일 챙겨 먹었다는 '두부면'이 뭐길래?
세계를 놀라게 한 송혜교의 17kg 감량 신화 전 세계 패션쇼와 작품을 넘나들며 언제나 독보적인 아우라를 ...
blog.naver.com
56세 오연수 체지방 제로 완벽 몸매.. 아침마다 꼭 마신다는 의외의 '1등 공신 주스'는?
56세 오연수의 믿기지 않는 체지방 제로 몸매 대한민국 대표 워너비 중년 배우이자 세련미의 대명사, 오연...
blog.naver.com
50kg대 배우 신애라 ""매일 아침 공복에 무조건 마시고 먹는다.""는 의외의 '3가지'는?
하루를 여는 신애라의 공복 3단계 루틴 대한민국 대표 워너비 배우이자 우아한 라이프 스타일의 아이콘, 배...
blog.naver.com
@출처 최화정 유튜브
#최화정유튜브 #최화정아침루틴 #최화정애사비 #최화정영양제 #더치베이비팬케이크 #차지키소스레시피 #그리스쌈장 #피부미용전문가 #저속노화브런치 #이너뷰티디톡스","삶을 설계하다,뷰티를 해석하다",blog.naver.com/1981kis,2026-05-21,,1.0,,,2026-05-21 13:37:48.428547
naver_blog,논산딸기,딸기 레시피,vitamine-_224288152600,https://blog.naver.com/vitamine-/224288152600,콤부차 만들기 🍹 집에서도 가능한 홈카페 레시피 총정리,"카페나 편의점에서 사 마시던 콤부차,
사실 집에서도 만들 수 있다는 거 알고 계셨나요?
생각보다 준비 과정은 어렵지 않고,
홈카페 느낌으로 직접 만들어 먹는 재미도 꽤 있습니다 😊
오늘은 초보자도 쉽게 따라할 수 있는 콤부차 만들기 방법과 주의사항까지 한 번에 정리해볼게요!
💡 콤부차는 어떤 음료일까?
콤부차는 홍차나 녹차를 발효시켜 만드는 음료예요.
발효 과정에서 특유의 새콤한 맛과 탄산감이 생깁니다.
최근에는:
건강 음료
탄산음료 대체
홈카페 메뉴
로 인기가 정말 많아졌어요.
🧋 콤부차 만들기 준비물
집에서 만들 때 필요한 기본 재료는 간단합니다.
✅ 기본 재료
홍차 또는 녹차 티백 2~3개
설탕 70~100g
물 1L
스코비(SCOBY)
기존 콤부차 원액 약간
스코비는 콤부차 발효균 배양체라고 생각하면 쉬워요 😊
🌿 콤부차 만드는 방법
1️⃣ 차 우려내기
먼저 뜨거운 물에 홍차나 녹차를 충분히 우려줍니다.
이후 설탕을 넣고 완전히 녹여주세요.
단맛이 강해 보여도 발효 과정에서 일부 사용됩니다.
2️⃣ 충분히 식히기
뜨거운 상태에서 바로 발효균을 넣으면 안 됩니다.
실온 정도로 충분히 식힌 뒤
스코비와 기존 콤부차 원액을 넣어주세요.
3️⃣ 유리병에 담아 발효하기
깨끗한 유리병에 넣고
입구는 천이나 키친타월로 덮어 고정합니다.
완전히 밀폐하지 않는 게 중요해요!
직사광선을 피한 실온에서 보통 7~14일 정도 발효합니다.
⚖️ 발효 기간에 따라 맛이 달라져요
✔️ 짧게 발효하면
달콤하고 부드러운 맛이 강합니다.
✔️ 오래 발효하면
신맛과 발효 향이 더 진해져요.
처음에는 7일 정도 후 맛을 보면서
본인 취향에 맞게 조절하는 걸 추천합니다 😊
🍋 홈카페 느낌으로 즐기는 방법
콤부차는 응용해서 마시면 훨씬 맛있어요.
🍓 과일 넣기
레몬
딸기
블루베리
자몽
같은 과일을 넣으면 상큼함이 살아납니다.
🧊 탄산감 살리기
2차 발효를 하면 탄산감이 더 강해질 수 있어요.
밀폐 용기에 담아 하루 정도 추가 발효하면
톡 쏘는 느낌이 살아납니다.
단, 압력이 높아질 수 있으니 주의하세요!
🚨 집에서 만들 때 꼭 주의하세요
❌ 위생 관리 중요
발효 음료는 위생이 정말 중요합니다.
병이나 도구는 반드시 깨끗하게 소독해서 사용하세요.
❌ 이상한 냄새 나면 섭취 금지
곰팡이나 심한 악취가 느껴진다면
섭취하지 않는 게 안전합니다.
❌ 금속 용기 사용 피하기
발효 과정에서 산성이 생기기 때문에
유리 용기를 사용하는 게 가장 안전해요.
🌱 이런 분들에게 인기 많아요
홈카페 즐기는 분
건강 음료 관심 있는 분
탄산음료 줄이고 싶은 분
직접 만드는 취미 좋아하는 분
직접 만들면 당 조절도 가능해서
취향에 맞게 즐길 수 있다는 장점도 있습니다 😊
✨ 핵심 정리
콤부차 만들기는 생각보다 어렵지 않습니다.
✔️ 차 + 설탕 + 스코비 준비
✔️ 실온 발효하기
✔️ 위생 관리 철저히
✔️ 취향 따라 발효 기간 조절
이 과정을 익히면 집에서도 홈카페 느낌 제대로 즐길 수 있어요 🍹",비타민의 건강 노트,blog.naver.com/vitamine-,2026-05-21,,1.0,,,2026-05-21 13:38:09.549339
naver_blog,논산딸기,딸기 레시피,letmarkin_224292222742,https://blog.naver.com/letmarkin/224292222742,5월 셋째주 - 후죨바이ㅓ스 암욜바이ㅓ스,"잇츠미 분명 뽕짝 노래였는데
중독성 무엇
남돌 노래는 안듣지만 여돌 노래는 꾸준히 듣게되더라고용
이번 한 주도 라쓰고
남은바나나랑 딸기잼토스트 해먹는 아침
후후 뒹굴뒹굴 일조금 하고 남편 와서
트레이더스 같이 갔움
떡뽂이가 넘 먹고싶더라고... 와구와구먹어서
턱끝까지 배찼음
트레이더스 온 이유는 수박 사러~!!ㅋㅋㅋ
5월인데 벌써 수박이 나오더라고요
여름 왜 벌써오는거임?ㅜ
한석봉은 글쓰고 어머니는 떡썰듯이
나는 폰보고 남편은 수박을 썰었도다
수박으로 에피타이저 시작할게요
엄마가 해주는 감자된장국이 먹고싶어서
엄마한테 레시피 물어서 혼자해먹었다
얼추비슷함..!! 그치만 먼가먼가부족...
아오 여론조사 ARS전화 미친듯이 와서
친구톡방에 한탄하니까 한번대답해주면 안온다길래
대답해주니까 그다음부터는 안오는magic
언니가 나를 꽁꽁묶고
강제로 시청하게 하는중인 세피나 친모아 다시보기
오늘은 상체~
깔짝깔짝 했듬
저녁은 콩불...에 쭈꾸미까지 넣어서~~~
쭈꾸미 맛있네예 콩나물이 킥이다킥
로션? 아닙니다
요거트? 맞습니다
남편놈 신고할게요
후식으로 요거트 먹으려고 같이 먹는데
뚜껑 안처먹고 나한테 바르는 놈이 어딨어!!!!!!!!!!
지난 주말에 언급했는지 기억은 안나는데
여튼 에어컨필터랑 선풍기까지 사악 청소해줬어요
기가막히게 이번주부터 30도 찍어서 선풍기 개시했습니다
소파에서 뒹굴거리다가 또 수박 먹음띠
끊이지 않는 간식의 향연
친구의 최애?아이스크림 깐도리 냠냠
오늘부터 공식휴가!!!!!
재택도 아닌 휴가시작!!!!!!
근데 속이 더부룩해서
저녁약속전에 젤리 좀 주숴먹고 먹은게 없어요
퇴사하고 이직한 직장동료들 만나러왔음
저녁은 그래도 좀 들어가서 야무지게 먹음
이직한 회사썰들도 듣고
요즘 근황들도 듣고 넘재밌는 시간이었다
내 체력만 따라주면 더 오래있을수있었을텐데
집가는길에 포켓몬빵 수채화시리즈 뽑고싶어서샀어요
ㄷㄱㄷㄱㄷㄱ 뭐가나올지~~~
남편이 해준 콩나물국에 콩나물건져서
고추장넣어가지구 비빔밥해먹었음
간단한게 맛있으요
아침부터 시끌시끌하더니 아랫집 새로 이사오더라구요?
맨날 짖는 강아지도 이제 안녕이다!!!!
언니랑 듀오 깔짝
이때는 꽤 이겼네...
지금은 연패나락가는중ㅋㅋ
하체으쌰으쌰
치킨이 땡겨서 맛초킹을 시켰으무니다
아침으로 간단하게 냉동블루베리랑 요거트
운전면허 갱신할때가와서 인터넷으로 미리접수하고
수령하러왔어용
장롱면허 언제 탈출하나...
마곡 코엑스에 식물원느낌 새로운카페 생겼다길래
왔는데 코엑스 ㄹㅇ 주차하고나서
건물찾기가 개빡셈... 엘베나 에스컬레이터도
중간에 끊어져있고 건물마다 달라서 저 카페 찾는데
겁나헤맴ㅜㅜ
도착했는데 웬걸 식물원컨셉이라그런지...
시원하지않고 살짝 습하고 그런...
남편과 빠르게 ㅌㅌ했다
4시쯤이었는데 너무 배고픈거있죠
당연함 아침점심 먹은게 없음
원그로브로 도망가서 텐동집에서 이른저녁을 먹었어용
사케동이 넘미 땡겼는데 먹어서 좋았땃
집와서 또 와구와구 수박 먹음
수박 왤케 마싯어???!!!
어제 먹은 수박이 마지막이라는 충격에
또 트레이더스 왔습니다
수박먹는 속도 미쳤음;
본가살때도 이렇게 빨리 사라진적이 없던거같은디ㅣ
ㅋㅋㅋㅋㅋㅋㅋㅋㅋ
토요일이라 시식코너가 완전 활발해서 좋았음
시식코너돌다보니 점심 안먹어도 될정도로;;
주말에 먹을 오삼불고기랑 유니짜장, 치킨 사갔음
아침부터 돌아다녀서 지쳐서
점심 치킨먹고 후식 스크류바쎄리고
둘다 낮잠 갈김
저녁은 오삼불고기~
기대안했는데 생각보다 맛있어서 꽤괜
이번 수박이 지난번 수박보단 덜맛있긴한데
그래도 달다
달디달고달디달고달디단수박
점심 어제 산 유니짜장!!
진짜 짜장면맛남
이정도면 홍콩반점 우습지
그리고 주말오버워치
클래식 도전과제 깨려고 달리는중
영웅갯수봐라...추억
캐리요.
클래식 솔직히 이제 노잼인데 꾸역꾸역함
남편이랑 언니랑 셋이 토르비욘하는데
ㅈㄴ잘통해서 이김 개웃김
클래식 끝나고도 언니랑 빠대달림
오버워치 너 무 재 밌 어
전리품에서나왔는데
르세라핌 스킨 느낌나고 이쁘다
캐서디ㅋㄷㅋㄷ
재생
0
좋아요
0
00:26

캐서디ㅋㄷㅋㄷ
캐리요.
저녁은 김풍파스타~
초고추장이랑 토마토소스 섞었다는데
먼가 신기한 맛이었다
치킨도 머거요
에어프라이어에 굽굽
때깔이 조크만요
휴가가 영원했으면 하네요...
그래도 담주도 휴가라는점! 해삐",Domo,blog.naver.com/letmarkin,2026-05-21,,1.0,,,2026-05-21 13:38:30.998208
naver_blog,논산딸기,딸기 레시피,sweetpotato1103_224292203622,https://blog.naver.com/sweetpotato1103/224292203622,프라이빗 일식 다이닝_머무를 정 세이로무시(성남/야탑)🍲,"(46)
고구마 이모입니다.(人´ з`*)♪
땅콩이가 준비하던 일이 진짜진짜 끝났어요.
어찌 됐던 고생한 건 맞으니까
맛있는 밥 먹어줘야죠.(i_i)＼(^_^)
예전에 한 번 갔었는데
모든 자리가 룸으로 되어있어서 조용하고,
음식도 깔끔하니 괜찮았었거든요?
그래서 땅콩이 데리고 재방문했습니다.
머무를 정 세이로무시
[주소]
경기 성남시 분당구 장미로92번길 5
50m
© NAVER Corp.
머무를 정 세이로무시 야탑점
경기도 성남시 분당구 장미로92번길 5
예약
[영업시간]
11:30~22:00
브레이크 타임: 15:00~17:00
[전화번호]
0507-1324-2457
[주차]
매장 앞 주차장 이용
룸당 최대 2대 가능
야탑 공원 맞은편 골목에 위치해 있어요.
'이런 곳에 이런 데가 있었어?!'
싶으실 겁니다.
살짝 언덕 위에 있어서 계단으로 올라오면
매장 입구 보이시죠.
입구에 주차 공간도 되어있어요.
예약없이 갔는데
5분만 기다려 보라고 하시더니
호다닥 자리를 준비해 주셨어요. 👍
여기는 모두가 방에서 식사할 수 있어요.
물론 에어컨도 다 설치되어 있고요.
더울 걱정 없어도 됩니다.
오히려 추워요..ㅎㅎ
인원수가 많으면 파티션을 걷어서
넓게 만들어주십니다.
모임을 위한 다인원도 가능하단 말입니다.
가족 모임, 데이트, 회사 소모임, 상견례 등 괜찮을 거 같아요.
여기는 바쁜 일상 속에서
편백나무 향기와 함께
여유로운 시간을 보낼 수 있도록 만들었다고 해요.
특히, 일본 전통 방식으로 조리한
세이로무시(나무 찜기 요리)와 스키야끼가
대표 메뉴입니다.
세이로무시 코스 메뉴
스키야키 코스 메뉴
사이드, 런치 메뉴
주류 및 음료
이모네는
해산물+소고기+야채 세이로무시
+준마이 750 사케
이렇게 주문했어요.
코스로 음식이 준비됩니다.
기본 소스는 이렇게 찍어 먹으면 된대요.
유자: 고기
달달한 초고추장?: 해산물
땅콩: 채소
특히, 직원분이 직접 김치 맛집이라고 하셨어요.
먹어봤는데 겉절이 같은 게 맛있었습니다.
(1)
스프랑 두부+톳 무침이 나왔어요.
🥣
스프는 밤+버터 맛이에요.
여쭤보니 미슐랭 집에서 직접 배워온 레시피래요.
버터 맛이 나면서 끝에 밤 맛이 느껴집니다.
🥗
차가운 두부에 톳이 같이 있어요.
보이는 그대로의 맛이고 맛있습니다.
🍅
토마토는 스테비아 토마토인지 되게 달달해요.
(2)
메인이 나왔어요.
어때요?
푸짐하고 영롱하죠?+_+✨️
Next image
가까이 보세요.
해산물 구성에서 제철 생선은
도다리로 나온 거 같아요.
기억이 잘 안 나는데
설명 들을 때 며칠 전 회로 먹었다 생각했거든요..
15분 정도 찜기에 쪘다가
시간 되면 뚜껑 열어주시려 다시 오세요.
기다리는 동안 에피타이저가 또 나와요.
(3)
백년초 면에
유자 베이스의 차가운 국물이에요.
튀김을 넣어 국물을 우렸대요.
요 면도 매일 같은 건 아닌 거 같아요!
저번에는
메밀면 같은 게 나왔거든요.
갑오징어도 야들야들하고
생선도 부드럽고
전복도 쫄깃하고
가리비도 맛있었지만
역시 껍질에 비해 알이 작죠.
랍스터는 좀 질겼달까 단단했어요.
껍질 제거하기 힘들어요.
새우 말해 뭐해 맛있었죠.
채소들도 향긋하고 어떤 건 쓰지만 그게 매력이죠.
방풍나물인지 뭔지 모르겠지만 엄청 쓰더라구요..ㅎㅎ
저 빨간 어묵도 의외로 맛있었어요.
베이스로 숙주랑 미나리를
듬뿍 깔아주셔서 고기랑 먹기도 좋았습니다.
이모는 오히려 고기보다 해산물이 더 맛있었어요!
🦐🦞🐟🦑🐚
리뷰 작성 시 서비스랑 추첨을 통해 경품을 준대요.
이모.. 역시나 바로 참여하죠.ㅋ.ㅋ
경품추첨은 되기 힘들어도
사이드 디쉬를 주신다잖아요??!
리뷰 서비스
돈나물+주꾸미 무침을 받았어요.
따뜻 쫄깃 통통한 게 양념도 맛있어서
너무 만족했습니다.
먹다 보면 식사로 밥이 나옵니다.
(4)
오차즈케에 밥이 말아 나와요.
고기 육수를 내서 국밥이죠.
중간에 나와서 배부른데도
따뜻하니 너무 맛있었어요.
호록 다 먹었네요.
마지막으로 디저트 달라고 했어요.
(5)
너무 귀엽고 아기자기하죠?~.~
아래는 편백으로 데코한 거 같죠.
🍓🍧
딸기 푸딩이에요.
맛있어서 이모가 땅콩이 거까지 다 먹었어요.
준마이
식사랑 잘 어울려서 괜찮았습니다.
두 시간 배 터지게 먹고 이렇게 나왔습니다.
조용하고 정갈한 음식에,
친절한 서비스랑 깨끗한 화장실까지
잘 먹고 나왔습니다! 👍
경품 추천한 거 되면 좋겠네요..ㅋㅋ（＊＾∇゜)
마지막으로 다회차 방문으로
편백 서비스까지..!🥹
▪︎
즐겁게 나와서~
아이스크림에 맥주 한 잔 더 하고 집에 갔네요.
안뇽🍠
머무를 정 세이로무시 야탑점 : 네이버
방문자리뷰 2,917 · 블로그리뷰 560
m.place.naver.com",고구마 이모의 이것저것,blog.naver.com/sweetpotato1103,2026-05-21,,1.0,,,2026-05-21 13:38:52.138586
naver_blog,논산딸기,딸기 레시피,bbangsuni_021_224291554672,https://blog.naver.com/bbangsuni_021/224291554672,망고 롤케이크 만들기 여름 디저트 추천,"망고 롤케이크 만들기
딸기가 가고 망고의 계절이 왔나봐여
성심당부터 망고 디저트가
많이 보여 저도 먹고 싶어지더라구여
망고 롤케이크에 도전해봤습니당
재료
✔롤케이크 시트
노른자 88~90g
(노른자)설탕 20g
소금 1g
꿀 15g
박력분 68g
우유 40g
식물성오일 30g (카놀라유, 현미유 등등)
바닐라빈페이스트 4g (혹은 바닐라익스트랙)
흰자 170g
흰자설탕 70g
✔마스카포네 크림
동물성생크림 280g
마스카포네치즈 48g
흰설탕 40g
망고 큰거 1개
레시피
레시피는 오늘도 제 베이킹 슨생님
올드패션님 유투브를 참조했습니당
시트 만들기
틀을 미리 준비해주시구용
집에 있는 사각틀에
오일을 발라 종이호일을
붙여줬어용
먼저 계란을 흰자, 노른자 분리해주시구요
노른자에 설탕, 소금, 바닐라페이스트를 넣고
휘핑해줍니다
저는 꿀이 없어서
설탕 추가 + 우유 조금
이렇게 대체했어요
지피티가 이렇게 하라고
추천해주더라구용
잘 섞어주고
오일 + 우유도 넣고 같이 섞어줍니다
오일 + 우유는 렌지에 살짝 데워
40-50도로 온도를
맞춰줬습니당
너무 뜨겁지도 차갑지도 않게
준비해주세요
이 정도 질감이 되었을 때
박력분 투하
영상에서는 2번 체쳐서 넣어주셨지만
저는 그냥 1번만 체쳐서
넣었습니당
바쁘다 바빠 현대사회이기
때문이져
박력분 넣고
좀 더 휘핑해주면
노른자 반죽은 준비완료
다음은 흰자 차례입니다
흰자는 간단해요
흰자에 설탕만 넣고 휘핑해주면
되는데요
머랭쿠키 조아하시는분?
흰자에 설탕 넣고
휘핑 치고 구우면 머랭쿠키 완성인데요
똑같이 머랭을 만들어주면 됩니당
설탕은 3번에 걸쳐
넣어주고 노른자보다
꾸덕해질 때까지 휘핑!!
노른자 반죽에
흰자 머랭을 3번 걸쳐 넣어줘요
한 주걱 정도 넣고 휘휘
한 주걱 넣고 휘휘
마지막은 스페츌라로 빠르게
섞어주면 준비 끝!!
머랭 안 보일 때까지 섞어주면
뽀얗고 노란 반죽이 완성됐어요
틀에 넣고 구워주면 됩니당
저는 170도 15분 구워줬습니당
시트가 완성됐어요
수플레케이크나 롤케이크에
딱 맞는
보들 보들 촉촉빵
저는 넓은 팬이 없어서
얇고 넓게 구워지는 대신에
두껍게 구워졌어요
크림 만들기
크림은 더 쉬워요
크림치즈, 생크림, 설탕 넣고
잘 휘핑해주면 끝입니당!
시트에 크림을 잘 발라주고
망고를 손질한 후
김밥처럼 잘 말아주면 됩니당
말아주는 게 생각보다
쉽지 않더라구여
저는 자가 없어서
그냥 손으로 꾹꾹 대충 말아줬는데
옆구리까지 안 터지게 잘 말기 위해서
사진처럼 하시는 걸 추천 ..
올드패션님 유투브 캡쳐
통에 넣은 것도
완전 집에서 만든 김밥 비주얼 ..
그래도 맛있었습니당
후기
총평
롤케이크는 첫 시도였는데
생각보다도 꽤 쉽더라구요
롤케이크 말기 어려우신 분들은
비슷한 레시피로
올드패션님의
망고 수플레 샌드도 추천드려용
참고로 전 둘 다
만들어봤는데
개인적으로는 롤케이크가
좀 더 제 취향이었습니당
담번엔 요거트 크림으로
조금 더 상큼하게
여름 느낌으로 만들어보려구용
롤케이크 어렵지 않아요
제철 망고로 맛있는
망고 롤케이크 만들어보세용",빵수니의 세상탐방,blog.naver.com/bbangsuni_021,2026-05-21,,2.0,1.0,2026.5.21. 12:18 :: 망고롤케이크>_< 여름에 딱인 디저트같아요,2026-05-21 13:39:13.182449
naver_blog,논산딸기,딸기 레시피,jeong_h1994_224292190623,https://blog.naver.com/jeong_h1994/224292190623,"28개월육아,일상일기 D+862~864 | 아기랑 첫노래방, 징검다리 무서워, 주사맞고 안울었어요!, 아기랑 밤공연, 밤에 한번도안깼어요!, 키즈카페오픈런, 첫 욕실슬리퍼&라구소스","26.05.15 금요일 육아일기 D+862 (28개월 11일)
◻️내 목덜미를 잡더니 자기쪽으로 끌어당겨 엄청 뽀뽀해줬다.
◻️원래 잘 놀던 통미끄럼틀, 징검다리를 갑자기 못가겠다며
“엄마 손잡아줘!!! 무서워!!! 하며” 20분 내내 울었다.
◻️띠용이 인생 두번째 횟집방문, 꽁치구이를 엄청 잘 먹었다.
◻️“엄마노래방 갈래요” 한마디에 즉흥으로 아기랑 첫 노래방가기!
인생 첫 노래방에 좋아하는 노래가 나오니 엄청 즐거워했다.
새벽에는 안덥겠지.. 싶어서 에어컨을 끄고잤더니
아침에 홈캠보니 누가봐도 땀난 머리..ㅎ
밤에 많이 더웠어 띠용아? 아직 5월인데 아침날씨 왜이래.
엄마 나 바나나 먹어요.
바나나는 잘 먹을때가 있고 안먹을때가 있고
맨날 달라서 희안하단 말이지.. 먹이기는
제일 편한 과일인데 잘 안먹어서 사주기가 애매혀~
아침에 땀나서 잠도 잘 못자고 일어났으매
뭐가 그렇게 신나나 아기의자 흔들거릴정도로 춤추는 띠용이
28개월에 아직도 튤립장난감 가지고 노는 아기가있다?
Can i get cheese
재생
0
좋아요
0
00:22

Can i get cheese
CHEESE 발음좀 보세요~ 내새끼~
너무 영어를 잘 해버리는거에요~
이제 이 집에선 엄마만 영어 잘하면 되겠다..ㅎ
오늘은 시~원하게 반팔 반바지 입혀서 얼집 보내기.
스승의 날이라서 옷에 뭐 선생님 고맙습니다! 뭐 이런거
붙여서 보낸다던데.. 나는 몰라 그런거 몰라몰라..☆
어우~ 확!
학씨 아저씨야 뭐야.
띠용이가 직접고른 반팔티라 그런가.
입고나서는 만족도 최상~!
내가 앞에 서보라니까 ""엄마 띠용이 사진찍는거야?"" 하더니
알아서 포즈도 척척이다 모델이네~ 모델
삔 뭐 할래? 하니까
감 머리띠 가져와서는 이거 하고 간다는 띠용씨.
꼭 자기 맘에들 거울 보러 컴퓨터방으로 가는 띠용이
이뻐이뻐~ 거울안봐도 이뻐 띠용아
박력좀 보세요...
뽀뽀해준다면서 내 뒷목덜미 잡더니
폭풍 뽀뽀..;;; 어우.. 사랑해..ㅎ
자기 가방도 잘 챙겨서 오늘도 등원 완료!
띠용아 어린이집 잘다녀와! 이쁜이!!
우리는 띠용이 보내놓고 스승의날이라 소박하지만 간식사려고
몽상가인에 방문했다. (최애빵집= 몽상가인,어빌리티베이크)
냉장보관인데 전날 사놓으면 맛이없으니꽈~~~~
담임선생님이 계셨더라면 더 좋았을텐데 ㅠㅠ아쉬웡~
커피까지 보내려고 했는데 짱구를 굴려봐도
오늘 커피를 제일 많이 받으실것같아 간식으로 사다드렸다:)
띠용이없~다
재생
0
좋아요
0
00:10

띠용이없~다
왜 등원시킨 금요일은 이리도 시간이 빨리가는가.
오늘은 어디 안나가고 남편이랑 집에서 폭삭보면서
잉여잉여 했는데 눈떠보니 4시.. 와우 빨라. (급히 하원하기)
애기데리고 815마트 왔더니 아빠품에 안겨 띠용이없다~ 한다.
까~꿍♥
엄마는 띠용이 웃는얼굴이 너무 예쁘더라
짠! 진~~~짜 오랜만에 쌍용중 앞에있는 공원으로!
띠용이가 맨날가던 놀이터만 가서 그런지 오늘은
차타고 지나가는길에 본 이 공원 놀이터에 가고싶다길래
햇볕이 타들어가는 그늘하나없는 놀이터로 왔다 (죽음뿐)
와... 사진만 봐도 타들어간다.
그렇게 덥진 않은것같은데 햇볕이 너무 쌔서 살이 다 아픔
그치만 아기엄마아빠는 견디도록하라.
왜냐면 띠용이가 흙바닥 놀이터를 매우 좋아하기 때문이지.
햇볕에 바짝 마른 버석한 흙바닥이라 놀기 좋을것같아
나도 맘껏 만지고 놀으라고 했다.
아빠랑 서로 나무막대기로 바닥에 그림그리고 논다는데
김띠용은 남의떡이 더 커보이는지 아빠 막대기를 뺏으려하고
그렇게 강탈 완.
저기요.. 사람있을땐 막대기로 내려치면 절대 안돼요^-^
행동교정 그 끝은 대체 어디까지인가 매우 궁금해져..ㅎ
와..죽겠다 ㅋㅋㅋ
김띠용이 일단 놀이터는 가겠다해서 왔는데 만지는 족족 다 뜨겁고
미끄럼틀도 앉으면 궁둥이 탈것같고 도저히 탈게 없다 싶었는지
다른곳으로 가잔다ㅋㅋㅋ (그려 그늘진 곳으로 좀 가자)
너무 더웡~~
(아빠닮아서 땀많은 내새끼)
급 표정안좋아짐.
더워? ""응..더워""
이온음료 마시면서 수분보충..
중간중간 수분섭취 안시켜주면 탈수 올것같은날씨야 정말..
이상해 정말..ㅎㅎ 아기들은 정말 요상해.
원래 엄청 잘 놀던 방아다리 공원 놀이터 징검다리.
전에 계속 잡아주고 건너다가 한번 놓고 혼자 가보랄때
혼자 잘가길래 이제는 알아서 건너겠거니 했는데
삼거리공원 놀이터 가서 발이 한번 빠졌던 기억때문인지
간만에 방문한 방아다리공원에서도 징검다리를 혼자
못건너겠다며 내 손 꼭 잡고 건너겠다는 띠용이.
""띠용아 혼자 건널 수 있어~ 전에 해봤잖아~ 할 수있어""
하니까 울면서 혼자 절대 못건넌다고 잡아줘! 잡아줘 해서
일단 건너기까지는 내가 손을 잡고 도와줬는데..
징검다리를 건너면 계단은 없고
내려오는길은 오직 통미끄럼틀 뿐.
아니 통미끄럼틀도 엎드려서 정말 잘 타던 내새끼
삼거리공원 놀이터 이후로 통미끄럼틀도 안타더니
이제 아예 시도도 안하네 어랍쇼??
내가 먼저 시범보여서 아재미있다~ 하고 내려와도
쳐다보기만 할뿐 절대 안타고 내려온다..ㅎㅎ
그저 하는말은 ""미끄럼틀 대체 어디있는거야~!!!""
띠용아..이거 통미끄럼틀도.. 미끄럼틀이야..
분명 건널 수 있는데 자꾸 무섭다며 내 손잡고 건너겠다는 띠용이
엄마~!! 손잡고!! 손잡고!!! (와중에 아빠손은 안잡는데)
엄마가 너 이거 건너는걸 얼마나 많이 봤는데 왜 못건너
김띠용 할수 있다 아자!! 하고 용기줘도 절대 안건너는 띠용쓰.
무서워!
재생
0
좋아요
0
00:45

무서워!
손 쑥 집어넣어 짜잔~ 엄마손 하이파이브
아빠손 하이파이브! 이런식으로 앞으로 유인해도..
절대 안건너고 아예 발이 얼어붙은 띠용이..
나도 남편도 무슨 오기가 생겨서인지
띠용이 혼자 건널때까지 절대 안도와줬는데 (걍 도와줄걸)
그 사이 언니오빠들이 와서 띠용이한테
아가야~! 이것봐 하나도 안무서워! 하고 시범을 보여주는데도
띠용이는 웃기만 할뿐 미끄럼틀도 징검다리도 전혀 건너지 않았다.
우리가 끝까지 안도와주니 박박 소리지르며 무서워!!도와줘!!
하는 김띠용... ㅎㅎ..엄마가 졌어... 그래..나중에 다시 건너보자.
도와주니 그제야 건너는 내새끼.. 장장 30분을 내리버텼다..
엄마랑 만나서 저녁 먹으려고 횟집 방문.
따로 남기고 싶은 곳인데 사진을 많이 못찍어서
일기에다가 같이 쓰기.
초원회수산
충청남도 천안시 동남구 신촌1길 14 초원회수산
초원회수산 좋은점이 점심에 하는 횟집이 많이 없는데
여기는 점심장사로 하고 코스로 나오는거라
주문하기도 편하고 뭣보다 횟집인데 아기의자도 있다!!!
주차장이 없는것같긴한데 홈플러스(가 망해서 주변에 차가없음)
근처라 골목에 주차 쉽게 하고 먹으러 왔다.
인당 35,000원 코스였는데
스끼부터 호화스럽구요 아니 콘치즈 나오는곳이 근본아닙니까?
산낙지도 매우 맛있고 신선신선 ㅠ
회도 진짜 맛있다 오동통 쫄깃 으직직 하는맛.
띠용이는 아직 못먹어서 셋이서 아주 원없이 먹었구요?
매운탕도 칼칼하이~ 아주 맛있다.
사실 이때부터 배불러서 무슨맛인지 잘 못느낌.
초원회수산이 좋은점
횟집이라고 아기랑 못간다? ㄴㄴ
어린이 돈까스도 팔아서 아기먹일거 충분히 있음!
띠용이 돈까스도 좋아해서 맛있게 먹었는데
스끼로 나오는 꽁치구이에 빠져서 밥 반공기랑 꽁치구이 한마리를
혼자 다 해치우기 시작, 비워지는 속도가 장난이아닌데요?
직원분이 띠용이 잘 먹는거 보시더니
""아가~ 꽁치 한마리 더 구워다 줄게"" 하시면서
한마리를 더 구워서 주셨다 ㅠㅠ 친절한 초원회수산..♥
돈까스도 남김없이 맛있게 먹었습니다.
엄마아빠 할머니 먹는만큼 띠용이도 매우 많이 먹은 식당이라
다음에 또 오지않을까 싶다.
내가 띠용이랑 앉느냐고 엄마옆에 남편이 앉았는데
남편이 찍어준 사진보더니 내가 장모님 아들같단다
근데 내가봐도 둘이 너무 분위기? 얼굴?이 닮았다 ㅋㅋ
뭔지는 모르겠는데 그냥 둘이 닮음
오빠랑 연애시절에도 엄마랑 셋이서 밥 먹으러가면
꼭 아들이냐고 물어보던데 ㅋㅋ그럴때마다
""응 내 아들 얘는 내 며느리~"" 하면서 말하던게 생각이 난다.
띠용이는 회가 장난감인 줄 아나보다.
조물락조물락 차가우니 재미있는지
나 몰래 몇점 더 빼가 조물락 거렸다.
(조물락 거리는거 먹는데...뜨듯해서 기분 나쁘잖아..ㅋㅋ)
띠용이도 배가 빵빵~ 우리도 배빵빵
아주 만족스럽게 횟집을 나서는 우리
애기데리고 횟집도 다오네 ㅋㅋ진짜 이제 못갈 식당이없구나.
근데 여기는 어디라구요?
집가려고 가는길이 마침 대학가 근처라
띠용이한테 농담으로 ""코인노래방가서 아기상어 부를래?"" 했더니
엄마 노래방갈래! 하길래
정말 즉흥으로 와본 코인노래방
오기전에 혹시몰라 3살아기랑 노래방 가도되냐고 쳐봤더니
마이크랑 노래볼륨 내리면 된다고 해서 바로 가보기로~!
금요일 저녁인데 사람 아무도 없구요 너무 좋구요
신식이라 매우 깨끗하구요~ 띠용이도 낯선공간인데
화면에 다양한 영상 나오니 신나는지
살짝 상기된 표정이었다.ㅋㅋ 귀여워!
첫 노래방
재생
0
좋아요
0
00:10

첫 노래방
마이크 잡고 아아~ 해봐 했더니
아아! 하고 에코 나오는거 듣자마자 노래 틀지도 않았는데
노래부르는 김띠용 ㅋㅋㅋ가수의 피가 흐르나~?
핑크퐁 노래부르기!
재생
0
좋아요
0
00:39

핑크퐁 노래부르기!
꺄!!
귀여운 내새끼!! 드디어 첫 노래방
첫노래부르는 역사적인 순간!!!
엄마 코인노래방 처돌이란말야 ㅠㅠ얼른커
더 재미있게 노래부르러 오게~~!!!!!!!!!
앞에서 동영상 나오니 영상에 홀려
박자 다 놓쳤지만 그래도 즐거운가보다 ㅠ
으히히히 너무 귀여워 내새끼 ㅠㅠ
엄청 행복해한다 발 동동동 너무 사랑스러와
아빠랑도 스탠딩 마이크로 노래부르는 띠용이
서로 내 마이크야 내꺼야~ 하면서 실랑이 하더니
노래 나오자마자 같이 노래부르는데 귀여워 죽겠네
아빨리 더 커 !! 빨리!!!! 같이 노래방 3시간 부르게!!!!
역시 엄마아빠의 피가 흐르는 김띠용 노래방 좋아하네 ㅠㅠ
춤춰!! 춤춰!!! 하니까
뭐에 홀린듯 춤도 춰 ㅋㅋㅋ
(앗...신발 안벗기고 놀았네..)
(신발 다음부턴 벗기께..)
딱 두곡만 부르고 가려니 아쉬운지
이방저방 탐방하는 김띠용씨
다음엔 엄마가 3천원 들고올게..가자..
(절대 안감)
아쉽지만 너무 늦었어요 집에가야해요 아갓쉬
아니 횟집갔다가 노래방 ㅋㅋ너무 아줌마 스케줄 아니냐고~
집오자마자 간식달라고
띠용이앞에서 온갖 애교 다부리길래
옷도 안벗고 손도 안씻고 바로 간식부터 주기.
그래 김나비도 이 시간만을 기다렸겄제
섬집아기
재생
0
좋아요
0
00:41

섬집아기
씻기고나니 시간봐 ㅋㅋㅋㅋ
금요일 저녁 너무 즐겁게 보내느냐고
졸린 김띠용 재우는 시간이 많이 늦어졌네.
아까 노래방에서 노래좀 부르더니
섬집아기 불러주니까 큰소리로 같이 따라부른다.
잘자~ 김띠용
에어컨 틀어놔서 쾌적해가지고
내가 나가기싫엇...★
눈치
재생
0
좋아요
0
00:24

눈치
? 자정에 똑같이 깨긴했는데 ㅋㅋㅋ
눈치보면서 나올까말까 하는 김띠용
아니 나와~ ㅋㅋㅋ왜 자꾸 갈까말까 갈까말까 애태워
귀여워 죽겠네 ㅋㅋ그냥 나와~~~!!!!
26.05.16 토요일 육아일기 D+863 (28개월 12일)
◻️“엄마 내가 썬크림 발라줄게” 우리 얼굴에 썬크림을 발라줬다.
◻️오랜만에 일본뇌염 접종날, 처음으로 주사맞고도 안울었다!!
◻️옷,모자 사주려고 골라보라니까 자기 취향인 옷과모자를 고른다.
◻️칫솔바꾼 날! 치석제거로 유명하다는 코도모13M로 바꿨다.
◻️밤늦은 일탈, 9시가 넘은 시간까지 어린이집친구랑
아파트에서 하는 공연을 구경하며 노래도부르고 춤도췄다.
날 밝아지는게 느껴져서 잠깐 깨가지고
김띠용 잘 자고 있나 홈캠확인했더니..흑흑
인형껴안고 자고 있는거..
하 무해해..무해해.. 너무 귀여워
잘 자는듯 하더니
왜이리 빨리 일어났데?
10시넘어 잠들어도 7시 칼기상이여 그래~
거실에 나가서 좀 놀고있어줘~ 엄마 조금만 더 잘게
하니까 정말 한시간동안 혼자 재미있게 놀다가 깨우러 온 띠용이
예..? 이렇게 효녀여도 되는거에요?
혼자 이렇게 잘 노는데 평일엔 왜이리 엄마를 찾는대~?
아침밥 든든하게 먹고 우유도 먹고싶다는 띠용이
여름에 시원한 우유 한잔 참 좋지~
병원가기전에 든든하게 먹구 가자 (우유수염 귀여워)
날이 점점 뜨거워지고 (더워지는거 아님 뜨거워짐)
애기 옷차림도 점점 짧아져서 썬크림을
얼굴만 바르다 이제 팔, 다리 목 까지 전체적으로 발라주는데
띠용이가 스스로 바르겠다고 해서 혼자 해보라고 줬더니
ㅋㅋㅋ덕지덕지~~
얼굴 너무 하얘지셨어 그래~
""엄마 내가 썬크림 발라줄게~""
띠용이의 뷰티숍 오픈.
이마도 발라줘야지~ 볼도 더 발라줘 하면
꼼꼼하게 추가로 수정도 해준다.
아빠도 잊지않고 발라주기.
아빠는 바르기 좀 어렵지
휴~ 땀나~
뭔데;; 해골상어 바다에서 허우적 대는거가.
남편이 그린 그림 볼때마다 무서워 죽겠어요 헉헉.
맨날 앞머리 한쪽으로만 묶어주다가
오늘은 5대5로 나눠서 데칼코마니로 머리 묶어주기.
머리가 점점 길어지니 귀여운머리 잔뜩할 수 있어 행복하다.
짐 바리바리 싸들고 출발하는 오늘일정.
띠용아 너 뇌염접종 맞으러 가는거야 (화이팅)
노래방 재미있어
재생
0
좋아요
0
00:19

노래방 재미있어
가는길에 ""엄마 우리 노래방가자, 아기상어부르자""
푸히히.. 어제 노래방경험이 정말 즐겁고 새로웠나봐.
아침에 먼저 노래방가자고 조르네 (엄마도 코노 짱좋아해)
정~말 오랜만에 삼성미즈 소아과에 온 띠용이가족.
너.. 그 의자에 앉아도 발이 닿아..?너 원래 안닿았잖아.
올때마다 그리운 냄새나는 삼성미즈.
미쳤나봐 ㅠㅠ엉엉쓰
마침 또 오늘 조리원에서 퇴소해서 나가는 신생아들이
많아 소아과에 갓난쟁이들이 꽤 있었는데
김띠용 처음 bgc접종맞고 집가던 날이 생각나서
조금 찡- 해졌다 (맨날 찡해지는 극 f엄마)
어느덧 너는 이렇게 커서
의젓하게 체온도 재고 ㅠㅠ하나도 안울고
병원오는 씩씩이 세살이 되버렸어..
집에서 맨날 야매로 재서 띠용이 키랑 몸무게 제대로 재볼겸
키재는거 서봤는데 악!! 이거 90cm 이상부터 잴 수 있나봐!!
키재는 바 가 다 내려와도 띠용이가 안 닿잖아? ㅋㅋㅋ
그래도 이렇게 신발벗고 차렷! 하라니까
안움직이고 완벽하게 서있었는데 아쉽다
좀만 더 커서 오자 띠용아~!!
그냥 야매로 잰 89cm 라고 생각해야겠다^^
책이 되고 싶은 김띠용
책장 들어가서 바깥구경하고 난리.
그래도 엄마랑 얌전히 책 읽으면서 잘 기다리는 띠용이
햇님방에만 5번째임에도 불구하고
꽤 오랜시간 기다린 삼성미즈 소아과.
근데 다 안다 여기 햇님방 선생님이
엄청꼼꼼히 봐주시기 때문에
진료가 늦어지는것을 (매우 좋은 선생님♥)
짠! 김띠용 주사맞고 나왔어요!!!
정말 정말 오랜만에 주사였는데요!?
김띠용 내새끼 태어난지 28개월째
난생처음으로 주사맞고 울지않았다!!!!!
울지않고 주사를 맞다니 너 완전 짱이다 멋있다!!
주사 놓을때 일부러 계속 띠용아 점심 뭐먹을래?
어? 선생님 모자가 뽀로로야~ 하면서 시선끌때
김띠용이 내말에 딱 대꾸할때 주사를 딱 놔주셔서
어랏? 하면서 약간 울타이밍을 놓친것 같긴한데
뭐가 됐든 울지않고 예방접종완료!!
하..내새끼.. 주사맞았는데 안울다니.. 대단해진짜.
주사 별거아니지?
재생
0
좋아요
0
00:18

주사 별거아니지?
자기도 주사맞을때 안울었단 사실이 매우 뿌듯했는지
1층 카페 내려와서도 "" 나 주사맞고 안울었잖아~""
하면서 너스레 떠는데 ㅋㅋ 아 들어주마! 다 들어주마!!
띠용아 진짜 별거 아니지 주사? 너 정말 멋있다 (내가 다 감격)
☆히히 신나★
그렇게 띠용이 접종끝내고 아산으로 달려
아산가야밀면으로! 띠용이가 들기름 밀면 좋아해서 온건데..
아산가야랑 성환가야랑 똑같은데
왜 여기 들기름밀면은 안먹는가..대해 서술하시오
육수좋아하는 김띠용
물이랑 좀 섞어서주니 꿀떡꿀떡 잘도 떠먹는 내새끼.
짠 곱빼기 등장이요~
물밀면이랑 들기름밀면 개 땡겨서 왔는데
김띠용 안먹을 줄 알았으면 들기름밀면 곱빼기로 안시켜찌..
성환가야밀면이랑 똑같은거라니까?
띠용아 너 진짜 옷 다 더럽힐 정도로 맛있게 먹었잖아..
졸려서 그런건지 한 두입먹고 입에 안대는 김띠용씨..(칙쇼)
그래도 시킨 만두는 나름 손으로 쥐고 두세개 잘 먹었다고 합니다.
삶은계란은 잘 만 먹음서 차가운 면이 안땡겼던걸로.
가평서부터 들기름 면 두번째 실패라.. 당분간은 도전안해야지..
밥 다먹고 기분좋은 띠용이
엄마는 너 밥 안먹서 기분 안좋은데
ㅋㅋㅋㅋㅋㅋㅋㅋㅋㅋㅋㅋㅋㅋㅋㅋ
아니김띠용 이러면 배 안고프냐구~~~
이너프레임 신정호수점
충청남도 아산시 순천향로 421 1층
아~ 선생님들 저 오랜만에 이너프레임 왔습니다~
이제 두바이 열풍이 좀 가셔서 설마~? 있을랑가?했는데
주말인데도 아직 이너프레임 두바이소금빵이 남아있다고?
와.. 것도 쌓여있다.. 나이스 하나 사먹어야지.
엄마~ 사진찍는거 있어요 사진찍자.
띠용이랑 한장
남편도 같이껴서 한장 해서
두장찍은 띠용이가족.
남편이 좋아하는 우유소금빵 까지 사서 나오는데
띠용이가 들어주겠다고 해서 자기 몸만한 빵봉지
들고 나오는데 ㅋㅋㅋㅋㅋ왜이렇게 귀엽지.
너 거기 빵봉지에도 들어갈수 있을 것 같은데 (무리)
;;;;;;;;;;;;;;;;;;;;;;;;; 아니 유행지났다고 이걸 안사먹어요?
;;;;;;;;;;;;;;;;;;;;;;;;; 진짜 되려 그 열풍 불었을때보다
안에 카다이프 폼이 더 좋아졌는데????
두바이 대란 나기전부터 이너프레임에서
두바이초코 소금빵 사먹었었는데
그중에 오늘이 제일 맛있었다. 진짜로
완전 촉촉한데 원래도 많았지만 이번엔 넘쳐흐를정도로
많이많이 넣어주신 두바이 카다이프 스프레드
아니 이거 왜 유행템이냐니까;;;; 그냥 스테디 아니냐고
기절요.
비눗방울 달래서 쥐여줬는데
쥐도새도 모르게 잠든 띠용이.
주사맞아서 그런가 좀더 빨리 잠들었다고 한다.
유후~
1시간 기분좋게 자고 일어난 띠용이.
너무 요염하셔라 ㅋㅋ포동포동 귀여운 내새끼
아빠 잠깐 화장실갈동안 벤치에 앉아
마이키즈 먹이고 있는데 아뉘~ 왜 자꾸 뱉냐고^-^
우쒸~ 옷 다젖었슨..ㅎㅎ 마이키즈 블루베리라..보라색인데..촤하..
????????????????
아니 인심 왜이래??????
2000원이었잖아;;;;;;;;;;;;
이마트 놀이기구 왜이래 너무하네?
2200원 개 짜쳐 뭐야;;; 가격 뭐야;;;
200원은 왜 더 올린거야 ㅎㅎ...
2500원도 아니고 2200원인게 너무 짜쳐;
그치만 일단 태워... 타고싶다고 했으니까.
띠용이 옷도 젖었고 원래도
띠용이가 전에 갖고싶다던 아기상어 모자 사러온거라
겸사겸사 애기 옷도 좀 구경하고 사기로~!
아 근데..맞다 샌들도 급한데..운동화 하나 더 사줘야하는데..
돌아다녀도 안보이는 아기상어 벙거지모자.
지나가는데 썬캡 행사중이라 씌워봤는데
귀엽긴한데 아직 띠용이한테는 조금 크다.
업쓰!!! 돌고돌아 발견한 아기상어모자!
뭐야 입구 바로 앞에있었어;;없는줄 알았잖
두달전인가 한번 시착해보고 사야지 하고
몰래다시 놓고 왔었는데 여름도 됐고 자꾸
눈에 아른거려 사러왔더니 띠용이도 기억하는지
자기가 직접 아기상어 모자를 골라 착! 써본다.
이뻐 ㅠㅠ사주께~ 사자사자~
캐릭터 티, 모자, 악세사리 안사주려 했는데
막상 애기 크면서 이런것도 귀엽다는거 깨닫고
캐릭터 티도 사주려고 생각중~
이제 옷도 좀 고르자.
말 디~럽게 안들어서 여기저기 자꾸 돌아다니는 통에
옷을 제대로 구경못했는데 그래도 그 와중에
김띠용한테 무슨옷 사고싶냐니까 ↑ 이거 딸기 옷 골라줘서
탑텐에서 39,900원 주고 셋업 샀다.
나 할인 안된 탑텐 옷 또 처음사보네 근데 귀여우니까 패스~
ㅋㅋㅋ장난감 골라도 꼭 이런 청소장난감에 눈을 떠 왜~
그때 띠용이 눈에 들어온 레고.
아직 레고 만질 나이는 아닌것같아 그냥 지나가려는데
한번 해보겠다길래 조금만 하고 가자~ 했더만...
앗...시작됐다 김띠용의 초집중..!!
근데 이제 나도 같이 집중해버린..
아 간만에 레고 너무 재미있다.
어릴때 집에있어서 진짜 많이했는데
막 건물만들고 자동차만들고 (다 추억인것을..)
근데 10분이 지나고 20분이 되도..안가잖아..ㅎㅎ
""띠용이 이거 계속해? 엄마는 간다?"" 하고
남편이랑 띠용이 몰래 뒤에가서 숨었는데 와! 전혀 모른다.
이래서..애들 마트나 백화점 데려가서 길 잃는가보다...
우리가 없어져봐도 아예 모르잖아...
띠용이가 손을 좀 쓰는 아이라 (나쁜쪽으로)
갑자기 온 언니에 자리 비키라고 할까봐 살짝 긴장됐는데
김띠용 짱 씩씩하게 ""언니 같이 놀자~"" 하더니
먼저 언니한테 레고도 내밀고 자리도 양보한 내새끼 (뭐야~~)
되려 언니되는 친구가 낯을 좀 가리는지 띠용이 주는
레고를 안받길래 이럴때는 안받으면 어쩔수없지~ 마인드로
가는거야 ㅎㅎ 하고 별거 아니란식으로 가르쳐줬더니
""어쩔수 없지~"" 하면서 또 자기 할거 하고 논다 (귀여워!)
그래 거절도 한번 겪어보고 그래야 되는거야~ 뻘쭘함도 배우자!
장 볼건 없지만 띠용이가
과일 먹고싶다길래 과일살겸 내려왔는데
와!!!!!!!!!!! 세상진짜좁아!!
갑자기 멀리서 띠용이 부르는 목소리가 들려서봤더니
재주니네잖아? 아니 어쩜 여기서 이시간에 마주쳐?
저번주에는 삼거리공원에도 같은 시간에 간거였더만
오늘은 아예마트에서 마주치네 ㅋㅋㅋ진짜 이럴 확률이
얼마나 되는거에요 천안바닥이 너무 좁아요~!!!
(나만 재주니네랑 운명이라 생각하냐며..쿡쿡)
짠 그리고 드디어 바꿔본 띠용이 칫솔!
칫솔 슬슬 바꿔줘야지 하고 뭐가좋은가 서치해봤는데
치석제거에는 코도모칫솔이 제일 좋다고 해서
13m로 사봤는데 모가 되게 빳빳해서 진짜
치석 제거가 잘 될것만같다 (근데 잇몸도 좀 다칠것같..아)
남편이 밥 먹이는동안 나는 띠용이 첫 라구소스 만들어주기!
전에 일본에서 사온 토마토덮밥소스에 밥 비벼서
오므라이스 주먹밥을 해준 적 이 있는데 잘 먹길래
오늘은 내 인생처음 라구소스를 만들어봤다.
맨날 조미료 범벅인 라구소스 스파게티 이런것만 먹다가
조미료 라고는 소금이 전부인 아기 라구소스를 만드니
이게 니맛도 내맛도..아닌느낌..ㅎㅎㅎ
레시피에는 굴소스 넣으란말은 없었지만
배도라지즙 개 때려넣고 굴소스도 조금넣어 감칠맛을 더했더니
그나마 좀 맛이 살아났다 (몰라 내맘데로 만드는거지 모)
띠용이는 티비볼때 꼭 이렇게 베개를 덮고 있다.
이불도 아닌데 자기 몸만한 베개 덮고있음 을마나 귀엽게요~
오늘 많이씩씩하네
재생
0
좋아요
0
00:21

오늘 많이씩씩하네
어우! 내새끼 오늘 주사맞고도 안울더니
왜이렇게 씩씩해? 동그란 장난감 밟고 뒤로 발라당 넘어졌는데도
약간 멍- 할뿐 울지않는 씩씩이 공주님 최고야!
ㅎㅎ화장실 앞 서랍장 위에 진짜 개 짜증나게 더러워서..
고민고민하다가 철제 주방 수납함을 사봤다^-^ 하..평화.
엄마 냄새쥑이네~
재생
0
좋아요
0
00:09

엄마 냄새쥑이네~
ㅋㅋㅋㅋ라구소스에 냄새~죽인다는 띠용이
아부지 이상한 사투리 가르쳐주지마쇼~!!
밥 먹이고나니 캄캄해진 저녁
이미 8시가 다되서 늦었지만 띠용이랑 다이소와서
장난감도 사고 어린이집 친구 아파트에 공연도 한다고해서
구경올겸 잠깐 마실 나왔다.
맞다 이거 공샀는데 아직도 개시를 안했네
오늘 집가서 개시해야지 (현재 수요일)
친구 집 앞에있는 횡단보도도 알아서 척척 손들고 건너기!
아파트단지에 다른 차는 출입불가라
근처 마트에주차를 하고 도보로 다녀왔다.
와~! 생각보다 큰 규모로 진행된 아파트 공연
천안시립교향악단 도 왔다는데 ㅠㅠ그거는 너무 늦어서 못봤다.
사실 띠용이한테 연주 하는거 보여주고싶어서
온거였는데 까비쓰..아깝스..
공연안하고 추첨만 하길래 끝난줄알고
집가기 아쉬워서 놀이터에서 놀고있는데
왘ㅋ 진짜 아무것도 안보여!! 후레쉬 비춰야 보인다.
나 미끄럼틀도 탈 수 있어! 하더니
그 어두운 놀이기구 올라가서 시원하게
미끄럼틀 타고 내려온 띠용이 (착지는 또 왜이리 완벽해?)
아빠는 처음경험해본 4인 시소
아버지 저기 띠용이 너무 널레널레 해버리는데요
조절좀 하시죠 애 떨어지겠서요^^..
어린이집 친구 어머님이 돗자리로 와서 구경하라고 해주셔서
우리가족 다같이 슬~쩍 꼽사리를 꼈다 (어머님 감사합니다~~)
친구 바나난데 너무 자연스럽게 얻어먹은 김띠용
우리는 뭐 줄게없는데 야단났내..ㅎㅎ
사탕까지 얻어먹은 김띠용
야밤에 일탈이라도 하는듯
자야할 시간인데 밖에나와 밤공연도 구경하고
이 늦은시간에 먹는 사탕이라니 김띠용 을매나 좋을고 ㅋㅋ
ㅋㅋ이런날도 있는거지 띠용이가 정말 좋아해서
날만 안더우면 야시장 가서 놀아도 될것같다 이제는
자꾸 점프점프하고 신남을 주체못하길래
남편이 살짝 가둬놨는데 자꾸 탈출하려는 김띠용 (으악)
핸드폰으로 사진찍으라고 줬더니
이하니도 같이 와서 구경하기
이하니도 자야할 시간인데 다같이 밤일탈이라니 귀여워
2차 점프점프
아 선생님 지금 국악 하는데
좀 가만히 계셔주셔라.
2차 가둠
정말 온몸으로 놀다 온 김띠용
이미 시간은 9시가 넘었지만
매우매우 즐거웠던 토요일 밤 산책,공연구경
다음에도 이렇게 데리고 나와서 밤에 일탈을 좀 즐겨야겠다.
집에오니까 졸려죽지 죽어 ㅋㅋㅋㅋㅋ
온 에너지가 다 빨렸는지 오자마자
자기가 먼저 침대로오더니 하품을 연신 해댄다
ㅋㅋ얼른 자자 얼른 재워줄게 아구 졸려~
애기 뉘여서 자장가 세곡쯤 불렀을까?
조용하길래 봤더니 바로 잠든 띠용이
그도 그럴게 오늘 접종도 했고 여기저기 돌아다닌데다
밤에 나갔다 오기까지(심지어 공연관람) 했으니
방전 됐을 수 밖에ㅋㅋ
그래도 접종을 했는데도 열안나고 아주 무사히 지나간 토요일 밤
내일도 안아프게 더씩씩하게 일어나서 재미있게 놀자 띠용이~?
26.05.17 일요일 육아일기 D+864 (28개월 13일)
◻️드디어😭 밤에 한번도 안깨고 방에서 안나오고 쭉자고 일어났다.
◻️아침 키즈카페 오픈런, 일요일아침 월드킹 키즈카페에 다녀왔다.
- 언니,오빠,동생들이랑 같이있어도 부정적인 반응을 하지않았다.
- 띠용이 또래 남자아이가 공을 던져 맞췄는데도 던지지마 하며
말로 그친구를 타이르고 지나가는 언니들한테도 안녕~인사했다.
◻️다이소에서 산 썬글라스도 좋은지 볼때마다 자기가 쓰고다닌다.
◻️처음으로 욕실슬리퍼와 우산을 사줬는데 무척 좋아했다.
◻️집에서 만든 첫 라구소스 오므라이스 해줬더니 잘 먹었다!
선생님 이게 실화에요? 진짜요?
정말요? 인생태어나 처음으로 단 한번도 안깨고
아침까지 주무셨단말이 사실이세요? 진짜요?
김띠용 28개월 인생처음으로 한번도 안깨고 아침까지 자다!!
역사적인 순간이세요 예예
엄마 나 지금 일어났는데요
(문 앞에서 이렇게 다소곳 기다리는 김띠옹)
멋쟁이 김띠용 ㅋㅋ
선글라스 다이소에서 개싸구려
천원짜리 사준건데.. 너무 좋아하잖아
이럴 줄 알았으면 안경점가서 예쁜거 사줄걸..ㅋㅋ
자기가 쓰면 꼭 이렇게 뒤집어서 거꾸로 쓴다
이렇게 쓰면 좀 슬픈 사연있는 아기 되서 개웃김
띠용이랑 아침부터 어디가시나요
(오픈런 할 생각은 전혀없었는데 갑분 키즈카페 가기로)
어제 입었던 탑텐 딸기셋업 귀여운데
상의만 입혔어가지고 오늘 풀착장해서 나오기
(빨래를 안했단 이야기^^)
온몸 핑크로 도배하고 핑크공주 출전한다 이말~씀~
아침에 밥 고봉으로 다 먹어놓고
빵보니까 또 빵먹겠다는 띠용이
야무지게 한손으로 카스테라 한손엔 물 잡고
다 큰 사람처럼 간식도 먹기.
월드킹 천안아산점
충청남도 아산시 배방읍 고속철대로 147 우성메디피아빌딩 9층
어서오세요 월드킹에~
진짜 오랜만에 월드킹 나들이왔구요.
일요일 주말이라 난생처음 키즈카페 주말 오픈런했는데
아침이니까 주말이어도 사람 없겠지 했는데 (아니요)
천안 아기들 여기 다모여라~ 했다고 합니다^0^
오픈런 안했으면 좀 빡셨을듯.
귀여워 띠용이 뒤에 아가가 띠용이보다 더 어려보였는데
남자아이라 그런지 띠용이보다 커서 좀 신기했다.
낚시 개 좋아함.
실제로 낚시하러 가면 얼마나 좋아할지 너무 기대되구요
내년에는 같이 낚시도 하러 가보자구구굿~
띠용이가 직접 잡지는 못하니까
우리가 잡아주면 김띠용이 끌어당겨서
잡은거 회수하는 시스템
아니 근데 잡고 자꾸 다시 놔주잖아
ㅋㅋ되게 착한어부시다..ㅎㅎ
띠용이가 제일 좋아하는 소꿉놀이도 하기.
오늘따라 사람도 많은데 너무너무 잘 놀고 있는 띠용이
언니오빠 동생들이 와도 옆에서 아무렇지도 않게
노는 김띠용 보는데 나도 덩달아 신나서 엄청 재미나게 놀았다.
아빠도 한입 주라니까 높은 벽 위로 어떻게든 주려고
몸을 쭈욱 늘려서 주는게 너무 귀여워 ㅋㅋ
야무지게 오븐도 쓸 줄 아는 김띠용
가스렌지에 구워주라니까 소세지랑 고기들고가서
오븐에다 구워주는 맛잘알 김띠용씨.
ㅋㅋㅋ
또 나 설거지하는거 좀 봤다고
설거지하려면 고무장갑부터 껴야된대잖아.
아이는 부모의 거울어쩌구 저쩌구
1차 휴식.
가져온 과자 먹기 (엄마아빠도 쉬고싶었음)
바닷속 친구들이라고 처음으로 밀크과자? 먹여봤는데
모양도 귀엽고 달달하니 맛있는지 가져온거 다 먹었다.
엄마도 하나 줘바 해도
엄마한테는 빼는거없이 잘 나눠주지롱~
념념~
오늘 김띠용 키즈카페 폼 엄청 좋아서
나도 너무 즐거웠슴ㅋㅋㅋㅋ
띠용이가 너무너무 잘 놀아준 덕에
진짜 시간가는 줄 모르고 노니까
시계볼때마다 1시간 훅훅 지나가 있고
예전 겨울, 띠용이가 사람많은 토요일에가서
얼어붙었던 그날은.. 다양한 이슈로 2시간도 못채우고 나왔는데
이게 잘지내고 잘 놀면 놀수록 시간이 너무 빠르게 가는게 느껴진다.
아빠 비켜!!!!!!
(자꾸 손으로 얼굴 쳐서 김띠용 개 화난상태)
둘이 똑닮아가지고 ㅎ
띠용이 다른 놀이기구도 처음태워봤다!
빙글빙글 회전하는 관람차 같은 느낌인데
15키로제한이라..ㅋㅋ1키로 남겨두고 처음으로 태워봄
되게 설렁설렁 움직여서 재미없다고 ""재미없어..""하다가
내가 옆으로 슬렁~ 밀어주니까 흔들거리는게 재미있는지
그제서야 활짝웃었다 ㅋㅋ(스릴을 즐기는 내새끼)
짠! 나도 직접봤다 김띠용 이거 타는거!
남편이랑 띠용이랑 둘이왔을때 타는거보고
신기해 했는데 진짜 혼자 안떨어지고 잘 타네?
긴장max 김띠용 볼풀구간.
겨울.. 토요일 사람많았던 월드킹 볼풀장..
김띠용이 오빠를 꼬집는 대참사가 일어났던 곳..
새학기가 시작되고 띠용이가 놀이터에서
다양한 친구 오빠언니들과 논 경험이 많아져서인지
이제는 키즈카페에 사람이 많아도 띠용이옆으로
사람들이 바짝 붙어도 전~혀 개의치 않고 잘 노는 모습에
나 진짜 너무 감동받아서.. 막 눈물이 날뻔했다..(컸다..컸어)
엄마 나 어디있게
까꿍!
(하..너무 평화롭다)
(2시간? 넘 짧아 종일권으로 할걸)
진짜 월드킹와서 제일 만족스러웠던 오늘.
띠용이가 사람들이랑도 너무 잘 지내주고
소꿉놀이할땐 띠용이가 먼저 다른언니한테 가서
같이 놀자고 슬쩍 끼질 않나,
볼풀장에서는 띠용이보다 조금 큰 남자아이가 와서
띠용이한테 공을 던졌는데도 아주 무던하게 잘 넘기질 않나..
나 오늘 진짜 무슨 계 탄것같다 띠용이 그동안
놀이터에서 폭풍친화력 길러와서.. 이렇게 빛을 보는게
나 진짜 너무 감격스럽고 행복하고 벅차고..(말로 다 할 수 없음)
진짜 세상 너무 예쁜 띠용이
(이 옆에 아기가 띠용이한테 공을 던지고 계속 가까이 붙었는데도
전~혀 쫄지않고 아랑곳 않고 혼자 잘 놀았다고한다)
엄마 나 어디있게 (2)
까꿍!(2)
사람들이 다 빠져서 우리끼리 공 던지고 놀기.
야무지게 자기보다 큰 공을 한손으로 덥석잡아
엄마랑 아빠한테 잡아보라고 던지는데 왕 귀엽고 흑흑
ㅋㅋㅋㅋㅋㅋㅋㅋㅋㅋㅋㅋㅋㅋㅋㅋㅋㅋ
최애 방방 (트렘폴린)에서는 거의 뭐 말벌아저씨
여기도 사람이 정!말! 많아서 긴장할 줄 알았는데
아? 전혀요 사람들이랑같이 뛰어도 저리가~ 비켜! 이런소리
일절 안하고 아주 잘 놀았다고 합니다!
미끄럼틀은 안탄다고 하더니
그래~ 타지마 하니까
청개구리처럼 올라가서 미끄럼틀 타고 내려온 띠용이
사람없길래 반대로 기어 올라오는것도 했는데
아앗. 양말!양말을 안벗겼다.
주르르르륵~~~
저 어떻게든 안미끄러질려고 혀까지 빼놓고
초집중했는데 속절없이 ㅋㅋㅋ미끄러져~~~
누구야?
ㅋㅋㅋㅋㅋㅋㅋㅋㅋ
ㅋㅋㅋㅋㅋㅋㅋㅋㅋㅋㅋ
ㅋㅋㅋㅋㅋㅋㅋㅋㅋㅋㅋ
아니 이런다니까? 놀고있는데
누가와도 전~혀 개의치않고 논다니까?
남편이 이제 집 가자고 하는데
나는 띠용이가 컨디션이 좋아서 그런지
같이 컨디션max되서 전혀 안힘든것!!
되려 시간이 너무 짧게 느껴져 너무 아쉬웠따.
와 이것도 장난감이래?!
거치대도 있고 너무 똑같이 생겨서
남편이 이거 장난감 아니고 진짜 청소기라고
(???: 뱀이야, 아니야,, 뱀이야!)
나는 아니라고 이거 장난감이라고 서로 얘기하다
지나가는 직원분께 물어봤더니 찐 장난감이라고 말해주셨다.
왜이래 (1)
왜이래(2)
나 여기 이런 가면 있는지 처음알았네
장식인 줄 알았는데 써지는거보고 당황쓰
울애기 공주님 맞그덩여.
반짝구두 신은 언니 보더니
자기도 신고싶다고 가져오길래
신겨줬더니 히히 너무 귀여워!
더 반짝이는게 좋았는지 다른거 가져와서
신고는 아빠한테도 자랑한다 ""이거봐! 나 구두 신었잖아~""
나가기전에 마지막 수혈.
과자없이 군것질 없이 어떻게 사냐..ㅎㅎ
12시가 다 된시간
띠용이가 또 슬슬 졸려하는 눈치라
밥은 먹여야겠다 싶어서 바로 옆에있는
트레이더스에 와서 밥먹이기로!
요즘 우동폼 안좋아서 잘 먹을라나? 했는데
우동매우 잘 먹음 간만에 먹어서 맛있었나?
근데 그보다 잘 먹은건.. 참치주먹밥이었다고 한다.
참치주먹밥이 너무 짜서 물에 살짝 타 떠먹으라고 줬더니
얼마나 맛있는지 그 큰 주먹밥 두개를 혼자 다 먹어버렸다.
아우 참치에 마요네즈까지 섞었는데 맛없을리가 없지.
띠용이는 금요일에 먹은 꽁치도 참치도
고기보다 생선을 훨씬 좋아하는것 같다.
(역시 나를 닮았어)
밥 다먹고도 배고프다는 김띠용
마이키즈 찾길래 (배 망구밴데..) 그냥 줘버렸더니
쉬지 않고 한번에 싹 흡입!
아침부터 두시간 키즈카페 풀로 땡기고
밥도 완전 빵빵하게 먹었겠다 당연히 잠이 솔솔오지.
오늘은 평소와 다르게 매우 빠르게 잠이들었구요?
매..매우 빠르게 기상했다고 합니다.
너 얼굴 왜 개운해보여? 30분밖에 안잤어요 저기요.
오늘 무슨 트레이더스 주변 구경 왔나
이번엔 모다아울렛으로 자리옮긴 우리가족.
키즈카페에서 장난감을 그렇게 가지고 놀았는데
부족했는지 오늘도 레고 삼매경이다 ㅎㅎ
도무지 갈 생각을 안해서
사탕 하나주고 합의보기.
사탕줄테니까..엄마랑 쇼핑가자..쇼핑
모던하우스에 예쁜 신상+ 30주년 세일이래서
구경오고 싶어서 왔는데 으앙..귀여운거 많다 많아 ㅠ
애기 버블 장난감도 유니콘이야 으악 귀여워!!
띠용이도 바닷가에서 노는거 좋아하는데
모래놀이 사줄까 하다가 다이소에 더 싸게 파니까..
슬쩍 흐린눈 하기 아니 모던하우스 왜 열일해? 왜 귀여워?
오늘 온 김에 띠용이 욕실화 사기.
띠용이도 이제 부엌에서 말고 화장실에서
양치하고 세수하는거 습관 들여야 하니
온김에 욕실화도 구입을 했다.
사이즈도 어쩜 딱맞고 너무 귀여워;;
이것저것 신어보고 띠용이가 직접고른
분홍색 욕실화, 내새끼 공주님아니랄까봐 분홍색 참 좋아해.
근데 우산은 또 파란색 산다길래
(나 성인지감수성 개 떨어져서... 분홍색이 더 좋아..)
파란색 고집하는 띠용이한테
일부러 ㅋㅋ 파란색은 안펴주고
분홍색만 활~짝 펴서 이것봐 예쁘지 하고
앞에서 막 칭찬칭찬 해줬더니 결국 분홍색으로 체인지 성공 ^_^
아니.. 컵 가지고 싶대잖아..
살 물건이 전혀 아니었는데
모던하우스 들를때마다 이 물들어있는 컵 만지작 하면서
좋아하길래 띠용이가 직접 고른 첫 컵이라
그냥 사줬다 앞으로 여기에다 물 마시기야~
(분홍컵, 노란컵 사지.. 까비ㅋㅋ)
아 이거 진짜 사고싶다.
아기 파라솔이랑 의자 이거 너무 귀여워 ㅠ
한번 앉으니까 안간다고 울고불고 할 정도로
띠용이도 좋아했는데 집만 더 컸어도 이거 사줬지 ㅠ
잠깐 스파오도 들려서 애기 양말 보는데
띠용이 그 사이에 저것도 미디어라고
갑자기 초집중하면서 본다
(요즘 집에서 잘 안보여주니까 감질나~)
뭐해뭐해
아니 엘베 타야된다니까
자꾸 우산 가랑이 사이에 껴고
""엄마 나좀 봐바"" 이러잖아 ㅋㅋㅋㅋㅋㅋ
ㅋㅋㅋㅋㅋㅋㅋㅋㅋㅋㅋㅋㅋㅋㅋㅋㅋㅋ
ㅋㅋㅋㅋㅋㅋㅋㅋㅋㅋㅋㅋㅋㅋㅋㅋㅋㅋ
ㅋㅋㅋㅋㅋㅋㅋㅋㅋㅋㅋㅋㅋㅋㅋㅋㅋㅋ
왜그러는거야 너 숭해 ~~~~~~~
아기돼지 삼형제
재생
0
좋아요
0
00:14

아기돼지 삼형제
집가는길에도 흥 폭발한 김띠용씨
내가 뭐 흥얼거리고 있으면 바로 캐치해서
같이 따라부르는데 어딜가던 김띠용이랑
같이 가면 거기가 노래방이요 거기가 무대다 이말이야.
아기돼지 삼형제 노래도 되게 오랜만에 들어놓고
가사는 어찌 기억하는지 막 따라부르는데 정말 신기하다.
당장 내일이 유류비 지원날인데.
기름 떨어져서 고민하다가 만원만 넣기^ㅁ^
ㅋㅋㅋㅋㅋㅋㅋㅋㅋㅋㅋㅋㅋㅋㅋㅋㅋㅋㅋ
만원의 행복이 여기있다~이거에요^ㅁ^
주유소에서 만원만 넣을 수 있는거 안 사람 (난 처음알았음)
아이스크림 먹으러왔다니까 완전 신난 김띠용
저 조그마한 젤라또 아이스크림
5300원인가..참..ㅎ 비싸고 소중..해.. 맛있게 먹어.
빽다방 아이스크림은 맛있긴해도 몇입먹고 말더니
이 바닐라빈 콕콕박힌 스타벅스 아이스크림은
저 한통을 혼자 다 비웠다 (물론 나도 먹음)
햇볕 엄청 뜨거운데
집에 들어가기싫어서 어떻게든
놀이터에서 논다는 띠용이
그래 놀아봐~ 하고 데리고 왔더니
너무 더워서 그런지 회로가 정지됐나 안움직이고
저기서 한참을 서있었다 (그봐 뜨겁지?ㅋㅋ)
아빠 그네타는거 보고 자기도 태워달라길래
반대 쪽에 그늘져서 반대로 앉혔더니 앞에보고 탄다는 띠용씨
눈뽕맞으며 그네타 왜 ㅋㅋㅋ웃겨정말.
다 말라비틀어진 열매도 줍고 던지고
진짜 땀뻘뻘흘리며 야무지게 놀다 들어왔다.
키즈카페 오픈런+ 트레이더스 + 모다아울렛 + 스타벅스 +놀이터
헤에..ㅎ 개빡신 스케줄이긴 했네 ??
띠용이 왔냐옹~
이제 완전 자기 식구로 인정해준 김나비씨.
우리 네식구가 완벽한 가족이 됐다 느끼는 요즘
(너 이렇게 띠용이 좋아해줄거 왜 그동안 뻗댔냐)
짠! 집와서 욕실화 바로 개시요~
자기 발에 꼭맞는 신발신고 손 씻으러
세면대 올라가라 했더니 엄청 좋아한다.
엄마랑 아빠랑 같은거 신었다고 뿌듯해 하는데 귀여워 ㅠ
왜 자꾸 거꾸로 쓰냐니까
슬퍼보이잖아 아갓시.
원숭이같아 ㅋㅋ
재생
0
좋아요
0
00:06

원숭이같아 ㅋㅋ
ㅋㅋㅋㅋㅋㅋㅋㅋㅋㅋㅋ
ㅋㅋㅋㅋㅋㅋㅋㅋㅋㅋㅋ
몰라 나 얘 너무 웃겨
ㅋㅋㅋㅋㅋㅋㅋㅋㅋ
오늘의 저녁밥
어제 만들어놓은 라구소스에
밥 볶아서 계란지단 올려 라구소스 오므라이스 완성!
너무 민둥민둥해서 갑분 눈코입도 붙여봤다.
첫 라구소스 오므라이스
재생
0
좋아요
0
00:28

첫 라구소스 오므라이스
진짜 반신반의 했던 라구소스의 맛.
오늘 볶아줄때도 맛이 밍숭맹숭 해서
배도라지즙 더 넣고 볶아 띠용이한테 처음으로 줘봤는데
한입먹더니 끄덕이는 김띠용 !! 우와 맛있나봐!!!
엄마가 만든 첫 라구소스 어떠냐고 물어봤더니
다행이도 맛있다고 한다 ㅠㅠㅠ우와!! 성공!!!
밥도 잘 먹으 기념으로
까요까요랑 새우냠냠 바로 대령하기.
너 근데 포스가 장난이 아니다 얘.
오늘은 낮잠자고 일찍일어나서 눈에졸음이 한가득
뭐 매일 이시간은 졸려도 안자는거긴한데요
티비 보고싶다길래 엄마아빠랑 클레이하자니까
다행이 클레이 해준 띠용씨.
허락받고 가져가야지
재생
0
좋아요
0
00:39

허락받고 가져가야지
어쩔대보면 김띠용이 나보다 더 어른스러워.
내 말투를 너무 빼닮은 띠용씨.
""아빠 , 허락받고 가져가야지"" 하는데..ㅋㅋㅋ
그래 아빠 왜 몰래가져가 띠용이도 다 안다구~
짠 띠용이가 산 첫 컵도 개시했다!
안에 물을 다 마셔도 계속 있다는 생각에
신기한지 ""엄마 물이 계속 있잖아~"" 하는데
히히히 귀여워 그치? 계속 있는것같지??
이리봐도 물이 들어있는데 뒤집으면 물이 안쏟아지고
궁금해서 계속 요리조리 살펴보는 김띠용
아직 애기는 애기맞네 귀여워라~
엄마 나 엄마 만지고 자도 돼요?
아니 당연한거 아니니~!!
막만져!! 다만져 엄마 만지고 자!!!
그냥 싹 다 만져!!! 엄마몸은 너꺼지뭐!!
재우다가 잠든 줄 몰랐다
재생
0
좋아요
0
00:23

재우다가 잠든 줄 몰랐다
오늘 외출 크리로 나도 졸렸는가
분명 계속 토닥였다 생각했는데 나도 모르게 깜박 졸았나보다.
띠용이 몸위에 그냥 손 얹고만 있었는데
김띠용은 그런데도 잘 잠들었네?ㅋㅋㅋㅋㅋ
내새끼도 만만찮게 졸렸나보군
오늘 아침에 한번도 안깨고 일어났던 김띠용씨
과연 내일도 기적을 보여줄 수 있을것인지.
오늘 나름 엄청 알차게 체력 다 소진했으니
내일도 안일어나고 아침에 잘 일어나주길 기도해본다.",혜조씨의 얼레벌레 육아일상,blog.naver.com/jeong_h1994,2026-05-21,,3.0,2.0,"2026.5.21. 11:33 :: 야옹 야옹 야옹 야옹 야옹 야옹 밥 주나옹 | 2026.5.21. 11:51 :: 글이 너무 재밌어서 시간가는 줄 모르고 봤네요!!

제 블로그에도 한번 놀러와주세요 ㅎㅎ",2026-05-21 13:39:38.607369
naver_blog,논산딸기,딸기 레시피,wooya9219_224292183508,https://blog.naver.com/wooya9219/224292183508,매일 점심 기록 5.8~5.15,"나는 다이어트 중...
점심은 직장에서 나오지만.. 다이어터는 식단을 해야 된다.
그래서 4월부터 매일 도시락 싸서 다니고 있다.
다이어터지만 뚱땡이의 본능을 이기진 못해서 그래도 맛있게 매일 다르게 먹을려고 노력중임.
그래서 이걸 기록 안하는게 아까워서 사진이라도 기록해보려고 함.
5월 8일
닭안심살에 마늘쫑 넣고 뭐 양파 양배추도 넣고 같이 볶은 닭갈비볶음밥.
유튜브에서 닭갈비 볶음밥 맛이 난다고 해서 그 레시피 따라서 볶아봤는데 맛있었음. 다만 미니 양배추 맛이 별로 였다.
그냥 양배추가 더 맛있다. 이때는 시범 삼아 그냥 해본거라서 뭐 그냥 .. 업무 책상에서 띡하고 찍음.
5월 11일
어... 다이어터라고 했는데 이번 도시락은 좀 민망쓰;;
주말에 먹다 남은 굽네치킨 고추바사삭 두조각이랑 같이 시킨 파스타 챙겨옴.
근데 나는 이런 날도 있어야 된다고 생각한다.
그리고 굽네는 다이어트 치킨임. 안튀겼으니까.
그리고 이번에는 판이 달라졌쥬. 이거 찍을라고 트레이도 삼 껄껄
5월 12일
통밀 베이글에 간단한 계란샐러드 해서 넣어 먹음 존맛탱.
유튜브에서 또 뭐 간단하게 맛있다고 해서 따라해봤다.
삶은 계란 두 알에 체다치즈 한 장, 모짜치즈 조금, 홀그레인머스타드 넣고 전자레인지 살짝 돌려서 낑가 먹음.
담백하고 풍미도 있고 맛있다. 근데 다이어트용이라 그런지 빵이 작다.
한 개에 80g 정도 하는데 그래서 계란이 삐져나와서 아주 추잡스럽게 먹었다.
나 혼자 있어서 다행이야.
그래도 단백질은 또 챙겨줘야지. 그래서 치킨 훈제? 훈제 치킨? 여하튼간 이것도 챙겨옴.
5월13일
아 열받는다. 사진 같은 구도로 찍어야 되는데 왜 이랬을까?
그래도 뭐 찍었는데 어쩌겠어.
메뉴는 우삼겹 나시고랭. 냉장고에 넘치는 마늘쫑을 또 넣어서 볶았다.
우리 엄마가 나 잘먹는다고 마늘쫑 엄청 뽑아봤는데... 좀 중간이 없다.
어쩌겠는가 열심히 먹어야지.
여하간에 우삼겹 볶은 다음에 피쉬소스랑 굴소스 넣어서 볶고 마지막에 숙주 넣음.
근데 우삼겹 넣고 나온 기름 좀 버리고 야채 넣고 밥 넣었어야 되는데 귀찮아서 걍 그대로 볶았더니
담날 점심 먹을때 걍 기름 국밥 되어있었음.. 후... 최대한 기름 따라내고 먹었다.
양심상 먹고 뜨신 보이차도 한 잔 마셔줌. 그럼 장땡이지 뭐.
5월 14일
오이랑 명란이랑 낫또랑 치킨훈제랑 양파 넣고 비벼먹음.
맛있었당. 다만 짜다.
치킨훈제는 안넣었어야 해. 근데 냉장고에 있는거 빨리 먹을려면 어쩔 수 없긴 했다.
음 저거 먹으려는 타이밍에 손님이 방문한다고 해서 이러지도 못하고 저러지도 못하다가
생각보다 늦길래 걍 입에 우걱우걱 넣었다. 낫또 실이 늘어나지만 어쩔 수 없었다.
걍 입에서 크라켄처럼 뻗어나가던가 말던가 열심히 먹음.
근데 손님 늦게 옴. 뭐야 진짜
5월 15일
이게 뭐냐면.. 닭가슴살 비빔밥? 닭가슴살 숙주 비빔밥
이것도 유튜브 레시피. 감사합니다.
그냥 밥위에 숙주 깔고 양념장 넣고 닭가슴살 올렸다.
굉장히 간단하지만 맛있음. 양념장은 좀 달달하고 매콤하고 딱 좋았다. 호호
음 다 비빈 사진은 먹다 남긴 잔반같지만..
이예에 5월 점심 식단 올렸당.
별로 다이어터 안같지만 다이어터 맞음.
현미밥(파로쌀, 렌틸콩, 검은보리이 들어갔지만 현미지분이 90%) 130g에다가 저정도면 다이어터지.
아침은 엄마가 해주는 요거트에 과일 넣은거 먹던가 아님 디톡스 쥬스 , 삶은 달걀 등등을 먹고
저녁은 쉐이크나 그냥 싸온 간식(토마토 오이 딸기)를 먹고 배부르면 쉐이크 마저 안먹는다.
요새 인생이 재미 없어서 그런지 도시락 싸는게 제일 즐겁다.
어찌됐던 다 사진찍엉서 올리고 나니까 뿌듯하네.
내 현미밥과 아침과 간식을 담당하는 어머니 고맙숩니다.
근데 솔직히 살빼라고 그렇게 뭐라하는거보면 저정도는 좀 해줄만함.
그래도 고맙긴 함. 라뷰. 나는 엄마랑 평생 살테야",달록씨 세상,blog.naver.com/wooya9219,2026-05-21,,4.0,2.0,2026.5.21. 11:20 :: 비밀 댓글입니다. | 2026.5.21. 12:17 :: 음식들이 다 너무 맛나보여요~!,2026-05-21 13:39:59.506318
naver_blog,논산딸기,딸기 레시피,wandermom_224292181793,https://blog.naver.com/wandermom/224292181793,코스트코 사워도우 번 진짜로 추천하는 이유(샌드위치 초간단 레시피),"#내돈내산
코스트코 건강빵 3대장은?
(제가 선정한 기준)
· 플레인 사워도우 번
· 지중해 스타일 번
· 피타브래드
이 중에서도 딱 하나만 고른다면?
바로 '플레인 사워도우 번'입니다.
코스트코 샌드위치 빵,
'플레인 사워도우 번' 추천하는 이유는?
① 단순한 재료
: 밀가루, 사우어도우, 올리브유
② 부담 없는 칼로리
: 166kcal
(나트륨 16%, 탄수화물 10%, 당류 0%,
지방 4%, 트랜스지방&콜레스테롤 0%,
포화지방 3%)
③ 맛있는 식감과 고소한 맛
: 퐁신퐁신하면서도 쫄깃한 식감,
공기층이 많고 밀도가 낮아
식단용으로 먹기에도 부담이 적고 맛도 고소함.
'피타브래드'는 용도가 다르니, 제외하고요.
(피자도우용, 카레나 수프 찍먹용 등으로 활용도 굿)
'지중해 스타일 번'도
재료가 단순하고 맛도 괜찮지만,
저는 '플레인 사워도우 번'이
가장 마음에 들더라고요.
성분, 맛, 활용도 등 여러 면에서요!
특히,
빵에 공기층이 많고 밀도가 낮으며
쫄깃한 식감이 최고입니다.
코스트코 플레인 사워도우 번은
한번 맛본 뒤로, 샌드위치 용으로는
이것만 계속 사 먹었는데요.
한동안 입고가 안돼 아쉬웠는데,
최근에 갔더니 보이길래 한 봉지 사 왔습니다.
코스트코
'플레인 사워도우 번' 샌드위치
초간단 레시피
① 빵을 반 가르고 한쪽에는 딸기잼,
반대쪽에는 홀그레인 머스타드를
적당히 발라 주고요.
② 그 위에 치즈 + 슬라이스 햄 + 올리브 +
로메인(or 루꼴라) 올려줍니다.
③ 빵 덮어주면 완성입니다.
정말 간단하죠?
간단한 레시피지만 생각보다 맛있습니다!
슬라이스 햄은 코스트코에서 구매한
'존쿡 델리미트 닭가슴살 슬라이스'를 사용했는데, 담백하고 괜찮았어요.
좀 더 고급 진 맛을 원한다면?
『 · 로메인 → 루꼴라
· 햄 → 잠봉(ex.소금집잠봉)
· 치즈 → 숙성치즈 』
체다치즈는 숙성 치즈보다 풍미는 좀 아쉬웠어요.
하바티 치즈 or 숙성 치즈 슬라이스(그뤼에르, 그라나파다노 등)를 사용하면 훨씬 풍미가 좋을 겁니다.
아,
여기에 이즈니 버터도 좀 추가해 주면 최고겠죠!
코스트코에는 맛있는 빵이 정말 많지만, 칼로리가 부담스러운 분들이라면 ‘플레인 사워도우 번’ 꼭 한번 드셔보세요~
이 빵은 샌드위치나 햄버거 번으로 활용해도 좋지만,
발사믹 식초와 엑스트라버진 올리브유에 후추를 톡톡 뿌려 찍어 먹어도 정말 맛있습니다.
* 코스트코 플레인 사워도우 번 지난 포스팅
코스트코 플레인 사워도우 번 후기 | 건강빵 추천 + 비첸향 골든코인 할인 정보
코스트코 플레인 사워도우 번 후기 코스트코에서 첨가물 없는 건강빵 찾으신다면? 와, 바로 이겁니다! 원래...
blog.naver.com
* 코스트코 지중해 스타일 번, 알라 하바티 치즈로 만든 샌드위치 지난 포스팅
코스트코 치즈 추천 | 알라 하바티 치즈로 만든 샌드위치 후기(초간단 레시피)
며칠 전 코스트코에 다녀왔습니다. 예전에 ‘코스트코 최고의 가성비 치즈’라고 불리던 몬테리잭 치즈를 ...
blog.naver.com
* 피타브레드로 만드는 피자 지난 포스팅
코스트코 뭐사지? N년차 구매자가 공개하는 장바구니 리스트 | 올리브오일·토마토소스·그래놀라·닭가슴살 할인!
추석 연휴를 앞두고 냉장고를 채워야겠다 싶어, 어제 코스트코에 다녀왔습니다. 명절을 앞둔 주말이라 그런...
blog.naver.com
글·사진 원더맘
#코스트코
#코스트코 빵 추천
#코스트코사워도우
#코스트코건강빵
#코스트코샌드위치빵
#코스트코플레인사워도우
#코스트코피타브레드
#코스트코사워도우번
#코스트코사워도우샌드위치
#사워도우샌드위치레시피",Wander Mom's,blog.naver.com/wandermom,2026-05-21,,1.0,,,2026-05-21 13:40:20.453030
